"Sr No",ID,ATMID,"Fund Component","Requested Amount","Approved Amount",Status,"Created At","Payment Processed","Final Utilised Amount"
1,1636,B1107810,Vendor,600,0,1,"2025-11-24 18:59:00",0,
2,1635,N3324100,Travelling,600,0,1,"2025-11-24 13:24:22",0,
3,1634,N3036400,Travelling,2100,0,1,"2025-11-24 13:22:23",0,
4,1633,SPCPT633,Travelling,540,0,1,"2025-11-24 11:16:40",0,
5,1632,B1637800,Vendor,5500,5500,2,"2025-11-24 16:17:18",0,
6,1631,A1014310,Vendor,1000,1000,2,"2025-11-24 16:15:54",0,
7,1630,T2055720,Travelling,960,0,1,"2025-11-24 03:38:46",0,
8,1629,T2055720,Travelling,960,0,1,"2025-11-24 03:38:44",0,
9,1628,T2055720,Travelling,960,0,1,"2025-11-24 03:36:40",0,
10,1627,T2799700,Travelling,450,0,1,"2025-11-23 11:10:59",0,
11,1626,ZGO9045,Vendor,600,0,1,"2025-11-23 14:43:17",0,
12,1625,T1BY000512039,Vendor,600,0,1,"2025-11-23 14:36:52",0,
13,1624,N3590900,Vendor,600,0,1,"2025-11-23 14:23:39",0,
14,1623,N2292300,Vendor,600,0,1,"2025-11-23 14:10:48",0,
15,1622,N2752300,Travelling,690,0,1,"2025-11-22 13:45:42",0,
16,1621,p1dcmu75,Spares,150,150,0,"2025-11-22 16:48:59",1,150
17,1620,EFBJ000318019,Travelling,1800,0,1,"2025-11-22 11:18:45",0,
18,1619,RE272002,Vendor,200,0,1,"2025-11-22 15:28:06",0,
19,1618,MN000561,Vendor,200,0,1,"2025-11-22 13:25:37",0,
20,1617,MN000561,Vendor,200,0,1,"2025-11-22 13:25:07",0,
21,1616,MN016830,Vendor,200,0,1,"2025-11-22 12:18:13",0,
22,1615,MN016830,Vendor,200,0,1,"2025-11-22 12:17:33",0,
23,1614,N2141700,Vendor,500,0,1,"2025-11-22 12:08:09",0,
24,1613,N4650500,Vendor,500,0,1,"2025-11-22 12:06:50",0,
25,1612,SPCPU137,Vendor,200,0,1,"2025-11-22 11:58:52",0,
26,1611,SPCPU137,Vendor,200,0,1,"2025-11-22 11:58:13",0,
27,1610,MC003173,Vendor,200,0,1,"2025-11-22 11:56:24",0,
28,1609,MC003187,Vendor,200,0,1,"2025-11-22 11:47:20",0,
29,1608,MC003183,Vendor,200,0,1,"2025-11-22 11:15:55",0,
30,1607,MN000524,Vendor,200,0,1,"2025-11-22 11:02:37",0,
31,1606,MN002225,Vendor,200,0,1,"2025-11-22 11:01:10",0,
32,1605,P3ENJJ03,Vendor,200,0,1,"2025-11-22 10:47:07",0,
33,1604,AECN77411,Vendor,310,0,1,"2025-11-21 17:53:46",0,
34,1603,P3ENMY50,Vendor,260,0,1,"2025-11-21 17:52:44",0,
35,1602,P3AWWX05,Spares,1200,900,0,"2025-11-21 16:46:55",1,850
36,1601,B3015300,Vendor,200,0,1,"2025-11-21 12:20:58",0,
37,1600,MN000521,Vendor,200,0,1,"2025-11-21 12:20:26",0,
38,1599,B1174110,Vendor,200,0,1,"2025-11-21 12:19:34",0,
39,1598,B1174110,Vendor,200,0,1,"2025-11-21 12:16:42",0,
40,1597,MN000564,Vendor,200,0,1,"2025-11-21 12:15:35",0,
41,1596,MN000564,Vendor,200,0,1,"2025-11-21 12:15:17",0,
42,1595,MN003198,Vendor,200,0,1,"2025-11-21 12:14:44",0,
43,1594,MN003198,Vendor,200,0,1,"2025-11-21 12:14:30",0,
44,1593,MN003198,Vendor,200,0,1,"2025-11-21 12:14:10",0,
45,1592,TA062700,Vendor,200,0,1,"2025-11-21 12:13:38",0,
46,1591,D5419600,Vendor,200,0,1,"2025-11-21 12:12:34",0,
47,1590,D5419600,Vendor,200,0,1,"2025-11-21 12:12:14",0,
48,1589,D5419600,Vendor,200,0,1,"2025-11-21 12:11:51",0,
49,1588,D5419600,Vendor,200,0,1,"2025-11-21 12:11:36",0,
50,1587,D5419600,Vendor,200,0,1,"2025-11-21 12:11:21",0,
51,1586,D5419600,Vendor,200,0,1,"2025-11-21 12:10:56",0,
52,1585,D8016000,Vendor,200,0,1,"2025-11-21 12:09:21",0,
53,1584,D8016000,Vendor,200,0,1,"2025-11-21 12:08:59",0,
54,1583,D8016000,Vendor,200,0,1,"2025-11-21 12:08:43",0,
55,1582,A1174110,Vendor,200,0,1,"2025-11-21 12:08:15",0,
56,1581,B1037110,Vendor,200,0,1,"2025-11-21 12:07:40",0,
57,1580,N7150900,Vendor,200,0,1,"2025-11-21 12:07:13",0,
58,1579,N3306300,Vendor,200,0,1,"2025-11-21 12:06:44",0,
59,1578,D6419600,Vendor,200,0,1,"2025-11-21 12:04:28",0,
60,1577,N5062700,Vendor,200,0,1,"2025-11-21 12:04:01",0,
61,1576,B1092510,Vendor,200,0,1,"2025-11-21 12:03:35",0,
62,1575,NE112000,Vendor,200,0,1,"2025-11-21 12:03:13",0,
63,1574,DF112000,Vendor,200,0,1,"2025-11-21 12:02:42",0,
64,1573,N4306300,Vendor,200,0,1,"2025-11-21 12:02:08",0,
65,1572,B1017910,Vendor,200,0,1,"2025-11-21 12:01:29",0,
66,1571,N4013300,Vendor,200,0,1,"2025-11-21 12:01:02",0,
67,1570,DJ112000,Vendor,200,0,1,"2025-11-21 12:00:20",0,
68,1569,N7013300,Vendor,200,0,1,"2025-11-21 11:59:42",0,
69,1568,NB112000,Vendor,200,0,1,"2025-11-21 11:59:09",0,
70,1567,N1917700,Vendor,200,0,1,"2025-11-21 11:57:00",0,
71,1566,N6184600,Vendor,200,0,1,"2025-11-21 11:56:18",0,
72,1565,N7062700,Vendor,200,0,1,"2025-11-21 11:55:47",0,
73,1564,B1022210,Vendor,0,0,1,"2025-11-21 11:55:01",0,
74,1563,NB015300,Vendor,200,0,1,"2025-11-21 11:54:06",0,
75,1562,B2303100,Vendor,0,0,1,"2025-11-20 04:07:15",0,
76,1561,T4984100,Spares,350,0,1,"2025-11-19 12:14:27",0,
77,1560,p1dcmu75,Spares,500,500,4,"2025-11-19 13:40:23",0,
78,1559,p1dcmu75,Spares,5000,0,1,"2025-11-19 07:35:55",0,
79,1558,RE204004,Vendor,30,0,1,"2025-11-19 09:56:09",0,
80,1557,MN003190,Vendor,30,0,1,"2025-11-19 09:51:54",0,
81,1556,p1dcmu75,Spares,2500,2500,5,"2025-11-18 23:41:59",1,
82,1555,p1dcmu75,Spares,3300,0,1,"2025-11-18 18:09:45",0,
83,1554,N1736500,Travelling,1200,0,1,"2025-11-18 10:56:30",0,
84,1553,N2184710,Travelling,1800,0,1,"2025-11-18 10:55:53",0,
85,1552,N4390500,Travelling,1800,0,1,"2025-11-18 10:54:38",0,
86,1551,N2284000,Travelling,2250,0,1,"2025-11-18 10:52:56",0,
87,1550,T2209210,Travelling,780,0,1,"2025-11-18 10:52:21",0,
88,1549,T2215210,Travelling,1050,0,1,"2025-11-18 10:51:34",0,
89,1548,4CRHR01391,Travelling,0,0,1,"2025-11-18 07:39:23",0,
90,1547,DECN108243,Vendor,30,0,1,"2025-11-17 17:09:35",0,
91,1546,4CRHR07721,Vendor,1100,0,1,"2025-11-17 10:46:08",0,
92,1545,N5013300,Vendor,250,0,1,"2025-11-17 10:45:04",0,
93,1544,N1630000,Vendor,700,0,1,"2025-11-17 10:44:18",0,
94,1543,MN001269,Vendor,200,0,1,"2025-11-17 10:42:45",0,
95,1542,MN001269,Vendor,200,0,1,"2025-11-17 10:41:57",0,
96,1541,N1965700,Travelling,1080,0,1,"2025-11-17 10:26:28",0,
97,1540,N1964100,Travelling,1200,0,1,"2025-11-17 10:25:51",0,
98,1539,T3774100,Travelling,1080,0,1,"2025-11-17 10:25:06",0,
99,1538,T7406500,Travelling,1050,0,1,"2025-11-17 10:23:21",0,
100,1537,T2799700,Travelling,420,0,1,"2025-11-17 04:06:46",0,
101,1536,"Chohtan Co Ext",Travelling,0,0,1,"2025-11-16 16:40:04",0,
102,1535,Deogarh,Travelling,0,0,1,"2025-11-16 16:38:12",0,
103,1534,muop8225,Spares,300,0,1,"2025-11-15 10:55:01",0,
104,1533,P1DCHD11,Spares,600,0,1,"2025-11-15 06:12:59",0,
105,1532,SPCPT633,Travelling,480,0,1,"2025-11-14 11:55:21",0,
106,1531,P1DCMU75,Vendor,500,0,1,"2025-11-14 10:39:50",0,
107,1530,B3044820,Travelling,840,0,1,"2025-11-14 04:06:10",0,
108,1529,B3044820,Travelling,840,0,1,"2025-11-14 04:06:03",0,
109,1528,SPCPT633,Travelling,480,0,1,"2025-11-14 04:03:02",0,
110,1527,ZCB8033,Vendor,700,0,1,"2025-11-13 23:37:26",0,
111,1526,P3ENCI23,Vendor,700,0,1,"2025-11-13 23:27:57",0,
112,1525,MN000564,Vendor,150,0,1,"2025-11-13 17:42:03",0,
113,1524,MN002708,Vendor,1400,0,1,"2025-11-13 17:26:37",0,
114,1523,MN002707,Vendor,1400,0,1,"2025-11-13 17:25:54",0,
115,1522,MC002703,Vendor,1500,0,1,"2025-11-13 17:24:31",0,
116,1521,APCN13924,Vendor,1300,0,1,"2025-11-13 17:21:29",0,
117,1520,CPCN52107,Vendor,2600,0,1,"2025-11-13 17:12:17",0,
118,1519,ZSG8030,Travelling,0,0,1,"2025-11-12 20:10:49",0,
119,1518,SPCN44210,Travelling,0,0,1,"2025-11-12 18:00:45",0,
120,1517,N3876900,Travelling,1380,0,1,"2025-11-12 16:49:39",0,
121,1516,p3enmm09,Spares,5000,4500,4,"2025-11-12 11:36:20",1,
122,1515,p3enmy24,Vendor,300,200,5,"2025-11-11 17:47:50",1,
123,1514,p3enmm09,Spares,500,200,5,"2025-11-11 15:40:03",1,
124,1513,B3016410,Vendor,600,0,1,"2025-11-11 15:35:11",0,
125,1512,B1292300,Vendor,700,0,1,"2025-11-11 15:34:22",0,
126,1511,B1329600,Vendor,400,0,1,"2025-11-11 15:04:45",0,
127,1510,SPCNS775,Vendor,500,0,1,"2025-11-11 15:03:20",0,
128,1509,NG329600,Vendor,700,0,1,"2025-11-11 15:02:14",0,
129,1508,B1116910,Vendor,600,0,1,"2025-11-11 14:59:47",0,
130,1507,N5075700,Vendor,800,0,1,"2025-11-11 14:55:29",0,
131,1506,N4007910,Vendor,300,0,1,"2025-11-11 14:54:29",0,
132,1505,p3enmm09,Spares,150,0,1,"2025-11-11 08:43:59",0,
133,1504,P3HNDL01,Vendor,200,0,1,"2025-11-11 11:17:33",0,
134,1503,B1037110,Vendor,200,0,1,"2025-11-11 11:16:58",0,
135,1502,B1150900,Vendor,200,0,1,"2025-11-11 11:16:23",0,
136,1501,B3015300,Vendor,200,0,1,"2025-11-11 11:15:21",0,
137,1500,B3015300,Vendor,200,0,1,"2025-11-11 11:15:02",0,
138,1499,P3ENDL26,Vendor,200,0,1,"2025-11-11 11:13:58",0,
139,1498,P3ENDL26,Vendor,200,0,1,"2025-11-11 11:13:22",0,
140,1497,NB015300,Vendor,250,0,1,"2025-11-11 11:11:53",0,
141,1496,N3225700,Vendor,300,0,1,"2025-11-11 11:10:32",0,
142,1495,DPRH256502,Vendor,300,0,1,"2025-11-11 11:09:44",0,
143,1494,MN003129,Vendor,200,0,1,"2025-11-11 11:09:02",0,
144,1493,MN003129,Vendor,200,0,1,"2025-11-11 11:08:32",0,
145,1492,B2020020,Travelling,1440,0,1,"2025-11-11 10:14:30",0,
146,1491,SPCNJ373,Vendor,200,0,1,"2025-11-08 13:08:26",0,
147,1490,P3ENDL26,Vendor,200,0,1,"2025-11-08 13:04:52",0,
148,1489,P3ENDL26,Vendor,200,0,1,"2025-11-08 13:04:02",0,
149,1488,P3ENDL26,Vendor,200,0,1,"2025-11-08 13:03:41",0,
150,1487,P3ENDL26,Vendor,200,0,1,"2025-11-08 13:03:21",0,
151,1486,DJ112000,Vendor,200,0,1,"2025-11-08 13:02:30",0,
152,1485,CPRH16605,Vendor,300,0,1,"2025-11-08 13:01:41",0,
153,1484,CPRH16605,Vendor,300,0,1,"2025-11-08 13:01:08",0,
154,1483,DPRH126102,Vendor,300,0,1,"2025-11-08 12:58:20",0,
155,1482,p3enmm09,Vendor,100,70,0,"2025-11-07 16:40:37",1,50
156,1481,4CRHR26221,Travelling,0,0,1,"2025-11-07 04:51:58",0,
157,1480,P3ENJJ03,Vendor,1800,0,1,"2025-11-05 12:36:52",0,
158,1479,A1092510,Vendor,200,0,1,"2025-11-05 10:36:32",0,
159,1478,A1092510,Vendor,200,0,1,"2025-11-05 10:36:29",0,
160,1477,CPRH82402,Vendor,200,0,1,"2025-11-05 10:35:22",0,
161,1476,CPRH82402,Vendor,200,0,1,"2025-11-05 10:34:56",0,
162,1475,CPRH82402,Vendor,200,0,1,"2025-11-05 10:34:31",0,
163,1474,CPRH82402,Vendor,200,0,1,"2025-11-05 10:34:03",0,
164,1473,CPRH82402,Vendor,200,0,1,"2025-11-05 10:33:34",0,
165,1472,CPRH82402,Vendor,200,0,1,"2025-11-05 10:33:09",0,
166,1471,CPRH82402,Vendor,200,0,1,"2025-11-05 10:32:48",0,
167,1470,CPRH82402,Vendor,200,0,1,"2025-11-05 10:32:24",0,
168,1469,B1107810,Vendor,0,0,1,"2025-11-01 21:58:17",0,
169,1468,B1107810,Vendor,0,0,1,"2025-11-01 21:57:54",0,
170,1467,B1107810,Vendor,0,0,1,"2025-11-01 21:57:29",0,
171,1466,B2157220,Vendor,0,0,1,"2025-11-01 21:56:45",0,
172,1465,T1NY008851063,Vendor,0,0,1,"2025-11-01 21:55:58",0,
173,1464,AECN10915,Vendor,700,0,1,"2025-11-01 21:34:43",0,
174,1463,N9005300,Vendor,1200,0,1,"2025-11-01 11:52:40",0,
175,1462,DPCN154010,Vendor,250,0,1,"2025-11-01 11:50:36",0,
176,1461,P3ECMD01,Vendor,700,0,1,"2025-11-01 11:46:33",0,
177,1460,T1NY008851064,Vendor,0,0,1,"2025-11-01 11:45:42",0,
178,1459,T1NY008851064,Vendor,0,0,1,"2025-11-01 11:45:07",0,
179,1458,P3ENMD08,Vendor,700,0,1,"2025-11-01 11:45:03",0,
180,1457,B1194210,Vendor,500,0,1,"2025-11-01 11:42:54",0,
181,1456,P3ENCO14,Vendor,600,0,1,"2025-11-01 11:41:02",0,
182,1455,CECN29614,Vendor,250,0,1,"2025-11-01 10:48:48",0,
183,1454,RC272002,Vendor,250,0,1,"2025-11-01 10:48:03",0,
184,1453,MN001266,Vendor,250,0,1,"2025-11-01 10:42:01",0,
185,1452,MN001282,Vendor,250,0,1,"2025-11-01 10:40:27",0,
186,1451,DPRH475101,Vendor,250,0,1,"2025-11-01 10:39:45",0,
187,1450,D5419600,Vendor,200,0,1,"2025-11-01 10:37:04",0,
188,1449,N6184600,Vendor,200,0,1,"2025-11-01 10:36:31",0,
189,1448,N3306300,Vendor,200,0,1,"2025-11-01 10:35:50",0,
190,1447,N7150900,Vendor,200,0,1,"2025-11-01 10:35:16",0,
191,1446,NE112000,Vendor,200,0,1,"2025-11-01 10:34:40",0,
192,1445,4CRHR35281,Travelling,0,0,1,"2025-10-31 20:22:41",0,
193,1444,SPCPT565,Vendor,0,0,1,"2025-10-30 14:30:40",0,
194,1443,T1BY002983035,Travelling,600,0,1,"2025-10-30 12:34:58",0,
195,1442,P3ENCO14,Vendor,600,0,1,"2025-10-30 10:27:21",0,
196,1441,T2130620,Travelling,1230,0,1,"2025-10-30 08:30:19",0,
197,1440,B1047500,Travelling,1200,0,1,"2025-10-30 08:28:28",0,
198,1439,B1947100,Vendor,600,0,1,"2025-10-29 12:19:42",0,
199,1438,N2665600,Vendor,250,0,1,"2025-10-29 12:06:15",0,
200,1437,N2292300,Vendor,600,0,1,"2025-10-29 12:03:02",0,
201,1436,B1185710,Travelling,720,0,1,"2025-10-28 10:16:20",0,
202,1435,B1185710,Travelling,720,0,1,"2025-10-28 10:16:17",0,
203,1434,SPCN5766,Vendor,500,0,1,"2025-10-25 12:17:05",0,
204,1433,SPCN5766,Vendor,500,0,1,"2025-10-25 12:16:21",0,
205,1432,B1075700,Vendor,500,0,1,"2025-10-25 11:54:39",0,
206,1431,B1075700,Vendor,500,0,1,"2025-10-25 11:53:49",0,
207,1430,BPCN261809,Travelling,420,0,1,"2025-10-25 08:50:30",0,
208,1429,N1590900,Vendor,600,0,1,"2025-10-22 15:20:19",0,
209,1428,T1BY000512037,Vendor,0,0,1,"2025-10-22 15:19:10",0,
210,1427,T1BY000512037,Vendor,0,0,1,"2025-10-22 15:18:42",0,
211,1426,T1BY000512037,Vendor,600,0,1,"2025-10-22 15:18:15",0,
212,1425,P3ENMY59,Vendor,0,0,1,"2025-10-22 12:14:28",0,
213,1424,P3ENMY51,Vendor,0,0,1,"2025-10-21 11:22:36",0,
214,1423,P3ENMY51,Vendor,300,0,1,"2025-10-21 11:22:06",0,
215,1422,B1157110,Vendor,0,0,1,"2025-10-21 11:05:57",0,
216,1421,SPCN6531,Vendor,300,0,1,"2025-10-21 10:38:02",0,
217,1420,P3ENUQ19,Vendor,0,0,1,"2025-10-21 10:35:25",0,
218,1419,P3ENUQ19,Vendor,0,0,1,"2025-10-21 10:34:40",0,
219,1418,P3ENUQ19,Vendor,0,0,1,"2025-10-21 10:34:20",0,
220,1417,P3ENUQ19,Vendor,0,0,1,"2025-10-21 10:34:00",0,
221,1416,P3ENMY59,Vendor,0,0,1,"2025-10-21 10:16:29",0,
222,1415,P3ENMY59,Vendor,0,0,1,"2025-10-21 10:15:55",0,
223,1414,P3ENMY59,Vendor,900,0,1,"2025-10-21 10:15:21",0,
224,1413,P3ENMY59,Vendor,900,0,1,"2025-10-21 10:13:19",0,
225,1412,P3ENJJ01,Travelling,750,0,1,"2025-10-19 21:20:03",0,
226,1411,B1946100,Vendor,0,0,1,"2025-10-19 21:03:56",0,
227,1410,ZND8078,Vendor,200,0,1,"2025-10-17 17:51:16",0,
228,1409,APCN88405,Vendor,200,0,1,"2025-10-17 17:50:36",0,
229,1408,B2052920,Travelling,1470,0,1,"2025-10-17 13:25:22",0,
230,1407,B1019920,Travelling,1470,0,1,"2025-10-17 13:23:33",0,
231,1406,T2070820,Travelling,1290,0,1,"2025-10-17 13:22:09",0,
232,1405,N2070920,Travelling,1140,0,1,"2025-10-17 13:21:04",0,
233,1404,N3047500,Travelling,1230,0,1,"2025-10-17 13:19:57",0,
234,1403,T2071120,Travelling,1140,0,1,"2025-10-17 13:17:40",0,
235,1402,T2210720,Travelling,1230,0,1,"2025-10-17 13:15:18",0,
236,1401,S1B2002277097,Vendor,800,0,1,"2025-10-16 23:17:29",0,
237,1400,S1B2002277102,Vendor,800,0,1,"2025-10-16 23:17:02",0,
238,1399,S1B2000835007,Vendor,600,0,1,"2025-10-16 23:15:52",0,
239,1398,S1B2002277103,Vendor,800,0,1,"2025-10-16 23:14:50",0,
240,1397,S1B2000918037,Vendor,700,0,1,"2025-10-16 23:13:36",0,
241,1396,P3ENJJ03,Vendor,1000,0,1,"2025-10-16 17:17:11",0,
242,1395,KMO0057,Vendor,300,0,1,"2025-10-15 17:46:32",0,
243,1394,KMO0057,Vendor,300,0,1,"2025-10-15 17:46:14",0,
244,1393,APCN20413,Vendor,1100,0,1,"2025-10-15 17:01:17",0,
245,1392,B1312000,Vendor,600,0,1,"2025-10-15 17:00:34",0,
246,1391,B1009210,Vendor,800,0,1,"2025-10-15 17:00:04",0,
247,1390,B1009210,Vendor,800,0,1,"2025-10-15 16:59:37",0,
248,1389,N2009210,Vendor,800,0,1,"2025-10-15 16:59:09",0,
249,1388,T2090010,Vendor,800,0,1,"2025-10-15 16:58:06",0,
250,1387,B1010910,Vendor,800,0,1,"2025-10-15 16:57:25",0,
251,1386,B1010910,Vendor,800,0,1,"2025-10-15 16:56:51",0,
252,1385,P3ENST35,Vendor,800,0,1,"2025-10-15 16:55:50",0,
253,1384,T4186510,Vendor,800,0,1,"2025-10-15 16:55:08",0,
254,1383,T4186510,Vendor,800,0,1,"2025-10-15 16:53:47",0,
255,1382,N6195200,Vendor,800,0,1,"2025-10-15 16:52:52",0,
256,1381,SECPT135,Vendor,700,0,1,"2025-10-15 16:52:21",0,
257,1380,SECPT135,Vendor,700,0,1,"2025-10-15 16:51:59",0,
258,1379,SECPT135,Vendor,700,0,1,"2025-10-15 16:50:48",0,
259,1378,N3230300,Vendor,800,0,1,"2025-10-15 16:50:11",0,
260,1377,T4145600,Vendor,800,0,1,"2025-10-15 16:48:54",0,
261,1376,4CRHR07721,Vendor,800,0,1,"2025-10-15 16:47:44",0,
262,1375,T4406100,Vendor,700,0,1,"2025-10-15 16:30:33",0,
263,1374,RE190003,Vendor,800,0,1,"2025-10-15 16:29:19",0,
264,1373,B1090300,Vendor,800,0,1,"2025-10-15 16:24:33",0,
265,1372,T6327200,Vendor,800,0,1,"2025-10-15 16:22:59",0,
266,1371,T6327200,Vendor,800,0,1,"2025-10-15 16:14:25",0,
267,1370,N1090010,Vendor,800,0,1,"2025-10-15 16:13:26",0,
268,1369,N1090010,Vendor,800,0,1,"2025-10-15 16:12:53",0,
269,1368,N2630100,Vendor,800,0,1,"2025-10-15 16:10:31",0,
270,1367,N4066700,Vendor,800,0,1,"2025-10-15 16:06:59",0,
271,1366,ZCE8125,Vendor,500,0,1,"2025-10-14 23:06:50",0,
272,1365,SPCN4986,Travelling,900,0,1,"2025-10-13 04:17:51",0,
273,1364,MN003198,Vendor,300,0,1,"2025-10-11 15:40:27",0,
274,1363,N4650500,Vendor,700,0,1,"2025-10-11 15:39:54",0,
275,1362,N1596800,Vendor,700,0,1,"2025-10-11 15:39:00",0,
276,1361,DLHAO039,Vendor,300,0,1,"2025-10-11 15:37:26",0,
277,1360,N1630000,Vendor,700,0,1,"2025-10-11 15:36:42",0,
278,1359,N7150900,Vendor,200,0,1,"2025-10-11 15:35:42",0,
279,1358,MC000502,Vendor,250,0,1,"2025-10-11 15:35:06",0,
280,1357,MN001269,Vendor,200,0,1,"2025-10-11 15:34:12",0,
281,1356,MN000521,Vendor,200,0,1,"2025-10-11 15:33:25",0,
282,1355,N5075700,Vendor,800,0,1,"2025-10-11 15:32:15",0,
283,1354,N5075700,Vendor,800,0,1,"2025-10-11 15:32:09",0,
284,1353,DJ112000,Vendor,200,0,1,"2025-10-08 17:36:23",0,
285,1352,MN003198,Vendor,200,0,1,"2025-10-08 17:35:27",0,
286,1351,MN003198,Vendor,200,0,1,"2025-10-08 17:35:07",0,
287,1350,D5419600,Vendor,200,0,1,"2025-10-08 17:33:47",0,
288,1349,ZSG8030,Travelling,1980,0,1,"2025-10-07 16:40:32",0,
289,1348,T2215210,Travelling,1050,0,1,"2025-10-07 19:20:33",0,
290,1347,N2184710,Travelling,1800,0,1,"2025-10-07 19:19:06",0,
291,1346,B1075700,Vendor,800,0,1,"2025-10-07 12:23:44",0,
292,1345,B1329600,Vendor,400,0,1,"2025-10-07 12:21:41",0,
293,1344,B1329600,Vendor,400,0,1,"2025-10-07 12:21:12",0,
294,1343,B1329600,Vendor,400,0,1,"2025-10-07 12:20:37",0,
295,1342,B3049220,Travelling,495,0,1,"2025-10-07 09:36:02",0,
296,1341,ZSG8030,Travelling,0,0,1,"2025-10-07 09:31:50",0,
297,1340,T2799700,Travelling,420,0,1,"2025-10-04 08:33:30",0,
298,1339,B3044820,Travelling,1440,0,1,"2025-10-04 03:14:59",0,
299,1338,D4047500,Travelling,1440,0,1,"2025-10-04 03:14:42",0,
300,1337,B3044820,Travelling,780,0,1,"2025-10-04 03:13:12",0,
301,1336,T1NY008851066,Vendor,0,0,1,"2025-10-03 16:47:52",0,
302,1335,SPCPU845,Vendor,200,0,1,"2025-10-03 13:13:45",0,
303,1334,MN000564,Vendor,250,0,1,"2025-10-03 13:08:42",0,
304,1333,B1312000,Vendor,600,0,1,"2025-10-03 13:04:36",0,
305,1332,B1312000,Vendor,600,0,1,"2025-10-03 13:04:05",0,
306,1331,P3ENOD36,Travelling,2100,0,1,"2025-10-03 09:00:40",0,
307,1330,DECN288603,Travelling,600,0,1,"2025-10-03 01:01:34",0,
308,1329,DECN226802,Travelling,900,0,1,"2025-10-03 01:00:21",0,
309,1328,P3ENGM01,Travelling,1050,0,1,"2025-10-03 00:40:30",0,
310,1327,B1957900,Vendor,0,0,1,"2025-10-01 15:13:14",0,
311,1326,N1980900,Vendor,0,0,1,"2025-10-01 15:06:20",0,
312,1325,N1980900,Vendor,0,0,1,"2025-10-01 15:03:38",0,
313,1324,N1980900,Vendor,0,0,1,"2025-10-01 15:03:15",0,
314,1323,N1980900,Vendor,0,0,1,"2025-10-01 15:02:33",0,
315,1322,B1946100,Vendor,0,0,1,"2025-10-01 15:00:45",0,
316,1321,P1DCMZ07,Spares,400,0,1,"2025-10-01 09:28:40",0,
317,1320,P1DCMZ04,Spares,400,0,1,"2025-10-01 09:24:14",0,
318,1319,N4007910,Vendor,300,0,1,"2025-09-30 15:23:41",0,
319,1318,B3015300,Vendor,200,0,1,"2025-09-30 15:03:51",0,
320,1317,TA062700,Vendor,300,0,1,"2025-09-30 15:02:40",0,
321,1316,DECN438201,Vendor,600,0,1,"2025-09-29 17:53:07",0,
322,1315,B2058410,Vendor,1200,0,1,"2025-09-29 17:52:27",0,
323,1314,B2058410,Vendor,1200,0,1,"2025-09-29 17:52:04",0,
324,1313,B2058410,Vendor,1200,0,1,"2025-09-29 17:51:41",0,
325,1312,N4184600,Vendor,250,0,1,"2025-09-29 17:50:26",0,
326,1311,T2070320,Travelling,1680,0,1,"2025-09-29 02:52:02",0,
327,1310,D4047500,Travelling,1440,0,1,"2025-09-29 02:50:20",0,
328,1309,N3876900,Travelling,1380,0,1,"2025-09-27 18:19:44",0,
329,1308,SPRH06208,Vendor,350,0,1,"2025-09-25 22:32:12",0,
330,1307,T5000200,Travelling,0,0,1,"2025-09-25 11:07:14",0,
331,1306,N2184710,Travelling,1800,0,1,"2025-09-24 14:04:21",0,
332,1305,MC000509,Vendor,2755,0,1,"2025-09-24 11:22:58",0,
333,1304,D2492900,Travelling,405,0,1,"2025-09-24 09:24:29",0,
334,1303,ZSG8030,Travelling,0,0,1,"2025-09-24 09:18:50",0,
335,1302,ZSG8030,Travelling,0,0,1,"2025-09-24 09:17:25",0,
336,1301,ZSG8030,Travelling,0,0,1,"2025-09-24 09:15:04",0,
337,1300,ZSG8030,Travelling,0,0,1,"2025-09-24 09:12:35",0,
338,1299,ZSG8030,Travelling,0,0,1,"2025-09-24 09:11:46",0,
339,1298,4CRHR01391,Travelling,0,0,1,"2025-09-23 16:54:39",0,
340,1297,N6184600,Vendor,200,0,1,"2025-09-23 15:02:22",0,
341,1296,DJ112000,Vendor,200,0,1,"2025-09-23 15:00:46",0,
342,1295,DJ112000,Vendor,200,0,1,"2025-09-23 14:58:23",0,
343,1294,4CRHR07001,Travelling,840,0,1,"2025-09-23 09:00:44",0,
344,1293,4CRHR07001,Travelling,840,0,1,"2025-09-23 09:00:44",0,
345,1292,B1017910,Vendor,200,0,1,"2025-09-23 14:28:26",0,
346,1291,DF112000,Vendor,200,0,1,"2025-09-23 13:32:18",0,
347,1290,DF112000,Vendor,200,0,1,"2025-09-23 13:31:31",0,
348,1289,NE112000,Vendor,200,0,1,"2025-09-23 13:21:57",0,
349,1288,NE112000,Vendor,200,0,1,"2025-09-23 13:21:06",0,
350,1287,B1035920,Vendor,200,0,1,"2025-09-23 13:19:53",0,
351,1286,B1035920,Vendor,200,0,1,"2025-09-23 13:18:24",0,
352,1285,N2263200,Travelling,720,0,1,"2025-09-23 12:02:14",0,
353,1284,4CRHR26221,Travelling,0,0,1,"2025-09-23 11:58:00",0,
354,1283,N2263200,Travelling,720,0,1,"2025-09-22 17:40:58",0,
355,1282,N3665500,Vendor,250,0,1,"2025-09-21 21:13:54",0,
356,1281,T1BY000512039,Vendor,0,0,1,"2025-09-21 20:48:17",0,
357,1280,A1110410,Vendor,0,0,1,"2025-09-21 20:47:22",0,
358,1279,B2940700,Vendor,0,0,1,"2025-09-21 20:46:08",0,
359,1278,B1194210,Vendor,700,0,1,"2025-09-21 19:21:59",0,
360,1277,4CRHR05541,Vendor,700,0,1,"2025-09-21 19:04:20",0,
361,1276,T1NY008851064,Vendor,0,0,1,"2025-09-21 11:11:23",0,
362,1275,T1NY008851064,Vendor,0,0,1,"2025-09-21 11:10:53",0,
363,1274,T1NY008851064,Vendor,0,0,1,"2025-09-21 11:10:21",0,
364,1273,T1NY008851063,Vendor,0,0,1,"2025-09-21 11:06:17",0,
365,1272,T1NY008851063,Vendor,600,0,1,"2025-09-21 11:04:38",0,
366,1271,T1NY008851063,Vendor,600,0,1,"2025-09-21 11:02:25",0,
367,1270,T1NY008851062,Vendor,0,0,1,"2025-09-21 11:00:29",0,
368,1269,T1NY008851062,Vendor,0,0,1,"2025-09-21 10:59:59",0,
369,1268,T1NY008851062,Vendor,0,0,1,"2025-09-21 10:59:26",0,
370,1267,T1NY008851062,Vendor,600,0,1,"2025-09-21 10:58:25",0,
371,1266,T1NY000557028,Vendor,0,0,1,"2025-09-21 10:57:12",0,
372,1265,T1NY000557028,Vendor,600,0,1,"2025-09-21 10:56:20",0,
373,1264,T1BY008851095,Vendor,0,0,1,"2025-09-21 10:55:09",0,
374,1263,T1BY000557029,Vendor,0,0,1,"2025-09-21 10:54:17",0,
375,1262,T1BY000557029,Vendor,0,0,1,"2025-09-21 10:53:47",0,
376,1261,T1BY000557029,Vendor,0,0,1,"2025-09-21 10:53:24",0,
377,1260,T1BY000557029,Vendor,600,0,1,"2025-09-21 10:52:48",0,
378,1259,ZGO9052,Vendor,600,0,1,"2025-09-21 10:51:20",0,
379,1258,ZGO9052,Vendor,600,0,1,"2025-09-21 10:50:38",0,
380,1257,ZGO9051,Vendor,600,0,1,"2025-09-21 10:49:06",0,
381,1256,ZGO9051,Vendor,600,0,1,"2025-09-21 10:47:44",0,
382,1255,ZGO9048,Vendor,600,0,1,"2025-09-21 10:46:26",0,
383,1254,ZGO9045,Vendor,600,0,1,"2025-09-21 10:45:11",0,
384,1253,ZGO9045,Vendor,600,0,1,"2025-09-21 10:44:40",0,
385,1252,N3590900,Vendor,600,0,1,"2025-09-21 10:43:38",0,
386,1251,N1980900,Vendor,600,0,1,"2025-09-21 10:42:09",0,
387,1250,N1980900,Vendor,600,0,1,"2025-09-21 10:41:24",0,
388,1249,MN008812,Vendor,600,0,1,"2025-09-21 10:39:41",0,
389,1248,B2940700,Vendor,600,0,1,"2025-09-21 10:38:07",0,
390,1247,B2940700,Vendor,600,0,1,"2025-09-21 10:37:28",0,
391,1246,B1946100,Vendor,600,0,1,"2025-09-21 10:29:43",0,
392,1245,B1292300,Vendor,600,0,1,"2025-09-21 10:24:36",0,
393,1244,B1157110,Vendor,600,0,1,"2025-09-21 10:19:12",0,
394,1243,B1157110,Vendor,600,0,1,"2025-09-21 10:17:06",0,
395,1242,B1107810,Vendor,600,0,1,"2025-09-21 10:16:06",0,
396,1241,A1110410,Vendor,600,0,1,"2025-09-21 10:15:05",0,
397,1240,A1107010,Vendor,0,0,1,"2025-09-21 10:12:27",0,
398,1239,A1107010,Vendor,600,0,1,"2025-09-21 10:11:50",0,
399,1238,N2292300,Vendor,600,0,1,"2025-09-21 10:10:23",0,
400,1237,B1947100,Vendor,0,0,1,"2025-09-21 10:09:09",0,
401,1236,B1947100,Vendor,600,0,1,"2025-09-21 10:07:58",0,
402,1235,T1NY008851066,Vendor,0,0,1,"2025-09-21 10:06:10",0,
403,1234,ZCH8020,Vendor,1200,0,1,"2025-09-20 16:00:44",0,
404,1233,ZCH8020,Vendor,1200,0,1,"2025-09-20 16:00:04",0,
405,1232,TI044300,Vendor,1100,0,1,"2025-09-20 15:59:06",0,
406,1231,TI044300,Vendor,1100,0,1,"2025-09-20 15:51:35",0,
407,1230,TI044300,Vendor,1100,0,1,"2025-09-20 15:51:06",0,
408,1229,TI044300,Vendor,1100,0,1,"2025-09-20 15:50:38",0,
409,1228,T6327200,Vendor,1100,0,1,"2025-09-20 15:47:58",0,
410,1227,T6327200,Vendor,1100,0,1,"2025-09-20 15:46:58",0,
411,1226,T4767300,Vendor,600,0,1,"2025-09-20 15:46:03",0,
412,1225,P3ENMY51,Vendor,300,0,1,"2025-09-20 15:45:27",0,
413,1224,T4406100,Vendor,600,0,1,"2025-09-20 15:44:28",0,
414,1223,T3327400,Vendor,600,0,1,"2025-09-20 15:43:36",0,
415,1222,T3327400,Vendor,600,0,1,"2025-09-20 15:43:14",0,
416,1221,T3327400,Vendor,600,0,1,"2025-09-20 15:42:44",0,
417,1220,T3066100,Vendor,1100,0,1,"2025-09-20 15:41:30",0,
418,1219,T3066100,Vendor,1100,0,1,"2025-09-20 15:40:52",0,
419,1218,T2191310,Vendor,1100,0,1,"2025-09-20 15:39:44",0,
420,1217,T2191310,Vendor,1100,0,1,"2025-09-20 15:38:45",0,
421,1216,T2191310,Vendor,1100,0,1,"2025-09-20 15:38:01",0,
422,1215,T2147410,Vendor,1100,0,1,"2025-09-20 15:36:29",0,
423,1214,T2147410,Vendor,1100,0,1,"2025-09-20 15:35:55",0,
424,1213,T1124820,Vendor,1100,0,1,"2025-09-20 15:34:07",0,
425,1212,T1124820,Vendor,1100,0,1,"2025-09-20 15:33:02",0,
426,1211,T1124820,Vendor,1100,0,1,"2025-09-20 15:32:16",0,
427,1210,T1124820,Vendor,1100,0,1,"2025-09-20 15:28:24",0,
428,1209,spcnd188,Vendor,1100,0,1,"2025-09-20 15:27:21",0,
429,1208,RE190003,Vendor,1000,0,1,"2025-09-20 15:26:05",0,
430,1207,P3ENST35,Vendor,600,0,1,"2025-09-20 14:32:43",0,
431,1206,NG329600,Vendor,600,0,1,"2025-09-20 14:31:57",0,
432,1205,B3016410,Vendor,0,0,1,"2025-09-20 14:31:49",0,
433,1204,N8043400,Vendor,1100,0,1,"2025-09-20 14:30:42",0,
434,1203,N8043400,Vendor,1100,0,1,"2025-09-20 14:29:46",0,
435,1202,N7043400,Vendor,1100,0,1,"2025-09-20 14:28:54",0,
436,1201,N6195200,Vendor,1100,0,1,"2025-09-20 14:28:14",0,
437,1200,N6195200,Vendor,1100,0,1,"2025-09-20 14:27:44",0,
438,1199,N6195100,Vendor,1100,0,1,"2025-09-20 14:26:30",0,
439,1198,N6195100,Vendor,1100,0,1,"2025-09-20 14:25:48",0,
440,1197,N6195100,Vendor,1100,0,1,"2025-09-20 14:24:48",0,
441,1196,N6195100,Vendor,1100,0,1,"2025-09-20 14:24:22",0,
442,1195,N6195100,Vendor,1100,0,1,"2025-09-20 14:23:40",0,
443,1194,N6195100,Vendor,1100,0,1,"2025-09-20 14:22:36",0,
444,1193,N6195100,Vendor,1100,0,1,"2025-09-20 14:22:04",0,
445,1192,N6195100,Vendor,1100,0,1,"2025-09-20 14:21:26",0,
446,1191,N5195200,Vendor,1100,0,1,"2025-09-20 14:20:18",0,
447,1190,N5195200,Vendor,1100,0,1,"2025-09-20 14:19:45",0,
448,1189,N5195200,Vendor,600,0,1,"2025-09-20 14:19:02",0,
449,1188,B3016410,Vendor,0,0,1,"2025-09-20 13:50:23",0,
450,1187,N4650500,Vendor,500,0,1,"2025-09-20 13:24:25",0,
451,1186,N4391600,Vendor,500,0,1,"2025-09-20 13:21:12",0,
452,1185,N4391600,Vendor,500,0,1,"2025-09-20 13:20:46",0,
453,1184,N4193010,Vendor,1100,0,1,"2025-09-20 13:11:47",0,
454,1183,N4193010,Vendor,1100,0,1,"2025-09-20 13:11:23",0,
455,1182,N4193010,Vendor,1100,0,1,"2025-09-20 13:10:59",0,
456,1181,N4044300,Vendor,1100,0,1,"2025-09-20 13:10:15",0,
457,1180,N3767300,Vendor,1100,0,1,"2025-09-20 13:09:31",0,
458,1179,N3767300,Vendor,1100,0,1,"2025-09-20 13:09:11",0,
459,1178,N3492600,Vendor,1100,0,1,"2025-09-20 13:08:04",0,
460,1177,N3492600,Vendor,1100,0,1,"2025-09-20 13:05:37",0,
461,1176,N3230300,Vendor,1100,0,1,"2025-09-20 13:00:05",0,
462,1175,N3230300,Vendor,1100,0,1,"2025-09-20 12:59:33",0,
463,1174,N2140910,Vendor,1100,0,1,"2025-09-20 12:57:46",0,
464,1173,n1630000,Vendor,1100,0,1,"2025-09-20 12:56:57",0,
465,1172,N1630000,Vendor,1100,0,1,"2025-09-20 12:56:30",0,
466,1171,N1146620,Vendor,0,0,1,"2025-09-20 12:55:08",0,
467,1170,N1090010,Vendor,1100,0,1,"2025-09-20 12:54:37",0,
468,1169,E2734100,Vendor,1100,0,1,"2025-09-20 12:53:21",0,
469,1168,DECN438202,Vendor,1200,0,1,"2025-09-20 12:52:29",0,
470,1167,D3661700,Vendor,600,0,1,"2025-09-20 12:51:25",0,
471,1166,B1661700,Vendor,1100,0,1,"2025-09-20 12:50:27",0,
472,1165,B1661700,Vendor,1100,0,1,"2025-09-20 12:49:59",0,
473,1164,B1408800,Vendor,1100,0,1,"2025-09-20 12:49:16",0,
474,1163,B1145700,Vendor,1100,0,1,"2025-09-20 12:48:24",0,
475,1162,B1116910,Vendor,600,0,1,"2025-09-20 12:47:20",0,
476,1161,B1090010,Vendor,1100,0,1,"2025-09-20 12:46:32",0,
477,1160,P3ENBD07,Vendor,300,0,1,"2025-09-20 12:38:37",0,
478,1159,P3ENBD07,Vendor,300,0,1,"2025-09-20 12:38:06",0,
479,1158,T1NY008851066,Vendor,0,0,1,"2025-09-20 10:34:18",0,
480,1157,B1957900,Vendor,0,0,1,"2025-09-20 10:32:39",0,
481,1156,B1957900,Vendor,600,0,1,"2025-09-20 10:31:58",0,
482,1155,B2157220,Vendor,0,0,1,"2025-09-20 10:29:55",0,
483,1154,B2157220,Vendor,0,0,1,"2025-09-20 10:29:23",0,
484,1153,B2157220,Vendor,600,0,1,"2025-09-20 10:28:44",0,
485,1152,B3016410,Vendor,0,0,1,"2025-09-20 10:27:09",0,
486,1151,B3016410,Vendor,0,0,1,"2025-09-20 10:26:22",0,
487,1150,B3016410,Vendor,0,0,1,"2025-09-20 10:25:42",0,
488,1149,B3016410,Vendor,600,0,1,"2025-09-20 10:23:27",0,
489,1148,T1NY008851066,Vendor,800,0,1,"2025-09-20 10:16:29",0,
490,1147,T2070820,Travelling,1290,0,1,"2025-09-20 09:17:55",0,
491,1146,ZHW8052,Travelling,630,0,1,"2025-09-20 09:16:19",0,
492,1145,B2052920,Travelling,1470,0,1,"2025-09-20 09:15:19",0,
493,1144,N3047500,Travelling,1230,0,1,"2025-09-20 09:06:20",0,
494,1143,B1019920,Travelling,1470,0,1,"2025-09-20 08:59:30",0,
495,1142,4CRHR26221,Travelling,0,0,1,"2025-09-19 18:07:16",0,
496,1141,P3ENMY50,Vendor,0,0,1,"2025-09-19 17:55:24",0,
497,1140,P3ENMY50,Vendor,0,0,1,"2025-09-19 17:54:33",0,
498,1139,AECN77411,Vendor,300,0,1,"2025-09-19 17:44:46",0,
499,1138,N3047500,Travelling,1230,0,1,"2025-09-19 08:48:24",0,
500,1137,N2752300,Travelling,600,0,1,"2025-09-19 01:44:43",0,
501,1136,T1NY008851064,Vendor,0,0,1,"2025-09-18 18:01:10",0,
502,1135,T1NY008851064,Vendor,800,0,1,"2025-09-18 18:00:16",0,
503,1134,SPCNJ373,Vendor,200,0,1,"2025-09-18 12:20:07",0,
504,1133,DPCN154010,Vendor,200,0,1,"2025-09-18 12:18:53",0,
505,1132,MN001266,Vendor,200,0,1,"2025-09-18 12:16:56",0,
506,1131,DPRH475101,Vendor,200,0,1,"2025-09-18 12:16:11",0,
507,1130,ZND8078,Vendor,200,0,1,"2025-09-18 12:15:27",0,
508,1129,DJ112000,Vendor,200,0,1,"2025-09-18 12:14:49",0,
509,1128,B1017910,Vendor,200,0,1,"2025-09-18 12:14:11",0,
510,1127,DF112000,Vendor,200,0,1,"2025-09-18 12:13:19",0,
511,1126,B1145600,Vendor,1100,0,1,"2025-09-18 11:14:35",0,
512,1125,B1004410,Vendor,1100,0,1,"2025-09-18 11:05:31",0,
513,1124,B1090010,Vendor,1100,0,1,"2025-09-18 10:59:07",0,
514,1123,4CRHR07721,Vendor,1100,0,1,"2025-09-18 10:57:09",0,
515,1122,4CRHR07721,Vendor,1100,0,1,"2025-09-18 10:56:34",0,
516,1121,4CRHR07721,Vendor,1100,0,1,"2025-09-18 10:56:03",0,
517,1120,MN003198,Vendor,200,0,1,"2025-09-18 10:49:30",0,
518,1119,S1N6040045047,Travelling,1860,0,1,"2025-09-17 17:02:31",0,
519,1118,S1N6040045047,Travelling,1800,0,1,"2025-09-17 17:01:29",0,
520,1117,T1BY000816238,Travelling,1860,0,1,"2025-09-17 17:00:21",0,
521,1116,T1BY000816238,Travelling,1860,0,1,"2025-09-17 16:58:52",0,
522,1115,S1N6040045047,Travelling,1800,0,1,"2025-09-17 16:56:59",0,
523,1114,ZCE8125,Vendor,500,0,1,"2025-09-17 22:20:53",0,
524,1113,ZCE8125,Travelling,600,0,1,"2025-09-17 12:44:34",0,
525,1112,P3ENMI36,Spares,0,0,1,"2025-09-17 16:07:13",0,
526,1111,T1BY000335033,Spares,1000,0,1,"2025-09-16 10:49:22",0,
527,1110,T1BY000335033,Spares,1000,0,1,"2025-09-16 10:49:20",0,
528,1109,ZCB8046,Vendor,600,0,1,"2025-09-16 10:53:27",0,
529,1108,N2184710,Travelling,1800,0,1,"2025-09-15 18:09:32",0,
530,1107,N3313800,Vendor,1100,0,1,"2025-09-15 12:14:28",0,
531,1106,N3313800,Vendor,1100,0,1,"2025-09-15 12:13:58",0,
532,1105,N3313800,Vendor,1100,0,1,"2025-09-15 12:13:38",0,
533,1104,N3313800,Vendor,1100,0,1,"2025-09-15 12:13:14",0,
534,1103,N2009210,Vendor,1100,0,1,"2025-09-15 12:11:32",0,
535,1102,N2009210,Vendor,1100,0,1,"2025-09-15 12:10:55",0,
536,1101,B1044310,Vendor,1100,0,1,"2025-09-15 12:06:00",0,
537,1100,B1146620,Vendor,1100,0,1,"2025-09-15 12:04:28",0,
538,1099,B1146620,Vendor,1100,0,1,"2025-09-15 12:03:52",0,
539,1098,B1146620,Vendor,1100,0,1,"2025-09-15 12:03:03",0,
540,1097,B1391600,Vendor,600,0,1,"2025-09-15 12:00:47",0,
541,1096,B1066700,Vendor,600,0,1,"2025-09-15 11:59:26",0,
542,1095,P3ENST34,Vendor,2000,0,1,"2025-09-15 10:58:40",0,
543,1094,ZND8067,Vendor,200,0,1,"2025-09-15 10:18:33",0,
544,1093,N1875200,Vendor,2000,0,1,"2025-09-14 21:04:21",0,
545,1092,P3ENJR23,Travelling,1500,0,1,"2025-09-14 20:54:18",0,
546,1091,N1875200,Vendor,0,0,1,"2025-09-14 09:38:48",0,
547,1090,SECNH312,Travelling,0,0,1,"2025-09-12 14:55:27",0,
548,1089,P3ENSK04,Travelling,1200,0,1,"2025-09-12 12:40:47",0,
549,1088,ZJP9078,Travelling,720,0,1,"2025-09-12 12:38:25",0,
550,1087,SPCNS764,Travelling,720,0,1,"2025-09-12 12:36:27",0,
551,1086,P3ENSK04,Travelling,1200,0,1,"2025-09-12 12:34:31",0,
552,1085,P3ENSK04,Travelling,1200,0,1,"2025-09-12 12:33:24",0,
553,1084,T1BH031152011,Travelling,2040,0,1,"2025-09-12 12:30:30",0,
554,1083,N3492900,Travelling,405,0,1,"2025-09-12 17:53:09",0,
555,1082,MN005903,Travelling,0,0,1,"2025-09-12 17:00:00",0,
556,1081,MN005903,Travelling,0,0,1,"2025-09-12 16:58:51",0,
557,1080,N2118420,Travelling,585,0,1,"2025-09-12 16:51:24",0,
558,1079,N2118420,Travelling,585,0,1,"2025-09-12 16:50:27",0,
559,1078,N2118420,Travelling,585,0,1,"2025-09-12 16:49:16",0,
560,1077,ZSG8030,Travelling,0,0,1,"2025-09-12 16:45:14",0,
561,1076,ZSG8030,Travelling,0,0,1,"2025-09-12 16:44:25",0,
562,1075,ZSG8030,Travelling,0,0,1,"2025-09-12 16:43:14",0,
563,1074,ZSG8030,Travelling,0,0,1,"2025-09-12 16:41:56",0,
564,1073,N2184710,Travelling,1800,0,1,"2025-09-12 14:51:27",0,
565,1072,T5000200,Travelling,0,0,1,"2025-09-12 11:22:46",0,
566,1071,ZHW8052,Travelling,630,0,1,"2025-09-12 10:02:11",0,
567,1070,N2070920,Travelling,1140,0,1,"2025-09-12 09:58:32",0,
568,1069,ZND8048,Vendor,200,0,1,"2025-09-11 13:21:39",0,
569,1068,N7062700,Vendor,200,0,1,"2025-09-11 13:21:01",0,
570,1067,N7150900,Vendor,200,0,1,"2025-09-11 13:20:26",0,
571,1066,ZND8067,Vendor,200,0,1,"2025-09-11 13:19:41",0,
572,1065,MN000521,Vendor,200,0,1,"2025-09-11 13:18:57",0,
573,1064,B1150900,Vendor,200,0,1,"2025-09-11 13:18:06",0,
574,1063,B1150900,Vendor,200,0,1,"2025-09-11 13:17:40",0,
575,1062,N5013300,Vendor,200,0,1,"2025-09-11 13:16:57",0,
576,1061,N2207500,Travelling,720,0,1,"2025-09-10 14:01:10",0,
577,1060,T5000200,Travelling,0,0,1,"2025-09-10 18:57:07",0,
578,1059,P3ENSK04,Travelling,1200,0,1,"2025-09-10 12:50:01",0,
579,1058,B3015300,Vendor,200,0,1,"2025-09-10 16:23:32",0,
580,1057,B3015300,Vendor,200,0,1,"2025-09-10 16:21:52",0,
581,1056,P3ENDI25,Vendor,200,0,1,"2025-09-10 15:41:56",0,
582,1055,P3ENDI25,Vendor,200,0,1,"2025-09-10 15:41:25",0,
583,1054,MN000564,Vendor,200,0,1,"2025-09-10 15:40:19",0,
584,1053,T9016000,Vendor,200,0,1,"2025-09-10 15:39:25",0,
585,1052,B2035920,Vendor,200,0,1,"2025-09-10 15:38:38",0,
586,1051,N2414700,Travelling,600,0,1,"2025-09-10 08:08:01",0,
587,1050,P3ENOD44,Travelling,900,0,1,"2025-09-09 23:36:57",0,
588,1049,P3ENAG26,Travelling,900,0,1,"2025-09-09 23:35:09",0,
589,1048,P3ENBJ02,Travelling,1050,0,1,"2025-09-09 23:28:57",0,
590,1047,P3ENOD26,Travelling,600,0,1,"2025-09-09 23:25:37",0,
591,1046,P3ENCX24,Vendor,500,0,1,"2025-09-09 20:50:51",0,
592,1045,ZRP9069,Vendor,100,0,1,"2025-09-08 21:08:26",0,
593,1044,ZRP9069,Vendor,1,0,1,"2025-09-08 21:07:17",0,
594,1043,ZRP9069,Vendor,100,0,1,"2025-09-08 21:06:08",0,
595,1042,ZRP9069,Vendor,2000,0,1,"2025-09-08 21:03:40",0,
596,1041,ZRP9073,Vendor,1500,0,1,"2025-09-08 21:02:31",0,
597,1040,DECN310402,Travelling,0,0,1,"2025-09-08 19:30:55",0,
598,1039,N2665600,Travelling,0,0,1,"2025-09-08 19:24:31",0,
599,1038,P3ENCO14,Vendor,600,0,1,"2025-09-08 10:29:12",0,
600,1037,4CRHR27461,Travelling,2640,0,1,"2025-09-06 16:29:31",0,
601,1036,4CRHR27461,Travelling,2640,0,1,"2025-09-06 16:29:17",0,
602,1035,N2228100,Travelling,1020,0,1,"2025-09-06 02:52:48",0,
603,1034,T2851600,Travelling,1020,0,1,"2025-09-06 01:40:07",0,
604,1033,N2228100,Travelling,1020,0,1,"2025-09-06 01:39:52",0,
605,1032,N4789300,Travelling,2100,0,1,"2025-09-05 13:31:41",0,
606,1031,N3789300,Travelling,1800,0,1,"2025-09-05 13:25:25",0,
607,1030,N4789300,Travelling,2100,0,1,"2025-09-05 10:52:38",0,
608,1029,N4789300,Travelling,2100,0,1,"2025-09-05 10:51:38",0,
609,1028,N4789300,Travelling,2100,0,1,"2025-09-05 10:50:48",0,
610,1027,SECPS731,Spares,380,0,1,"2025-09-05 07:22:28",0,
611,1026,SECPS731,Spares,380,0,1,"2025-09-05 07:20:25",0,
612,1025,P3ENHD10,Travelling,480,0,1,"2025-09-04 16:47:28",0,
613,1024,S1B2000918108,Travelling,720,0,1,"2025-09-04 16:40:34",0,
614,1023,ZMD8067,Travelling,840,0,1,"2025-09-04 16:28:19",0,
615,1022,S1B2002277102,Travelling,1200,0,1,"2025-09-04 16:26:18",0,
616,1021,S1B2002277097,Travelling,840,0,1,"2025-09-04 16:24:48",0,
617,1020,S1B2000918037,Travelling,960,0,1,"2025-09-04 16:23:08",0,
618,1019,P3ENMD08,Travelling,480,0,1,"2025-09-04 16:21:31",0,
619,1018,P3ECMD01,Travelling,480,0,1,"2025-09-04 16:20:43",0,
620,1017,4CRHR05541,Travelling,480,0,1,"2025-09-04 16:19:34",0,
621,1016,S1B2002277103,Travelling,840,0,1,"2025-09-04 16:15:06",0,
622,1015,P3ENMD96,Vendor,700,0,1,"2025-09-04 21:02:18",0,
623,1014,S1B2002277002,Vendor,700,0,1,"2025-09-03 23:46:56",0,
624,1013,S1B2002277147,Vendor,700,0,1,"2025-09-03 23:45:03",0,
625,1012,ZSG8030,Travelling,0,0,1,"2025-09-03 16:23:22",0,
626,1011,N2118420,Travelling,585,0,1,"2025-09-03 16:16:16",0,
627,1010,B3049220,Travelling,495,0,1,"2025-09-03 16:13:13",0,
628,1009,MPZ07335,Vendor,500,0,1,"2025-09-03 14:29:20",0,
629,1008,B3044820,Travelling,900,0,1,"2025-09-03 02:56:27",0,
630,1007,B1047500,Travelling,1440,0,1,"2025-09-03 02:51:33",0,
631,1006,T2070320,Travelling,1440,0,1,"2025-09-03 02:51:07",0,
632,1005,B1047500,Travelling,1200,0,1,"2025-09-03 02:50:12",0,
633,1004,B1047500,Travelling,1200,0,1,"2025-09-03 02:48:52",0,
634,1003,T2070820,Travelling,1290,0,1,"2025-09-03 08:05:47",0,
635,1002,B2047500,Travelling,1200,0,1,"2025-09-03 08:03:51",0,
636,1001,T5000200,Travelling,0,0,1,"2025-09-02 22:12:22",0,
637,1000,N1965700,Travelling,1080,0,1,"2025-09-02 22:11:53",0,
638,999,N1965700,Travelling,1080,0,1,"2025-09-02 22:11:24",0,
639,998,N1965700,Travelling,1080,0,1,"2025-09-02 22:10:55",0,
640,997,T3735800,Travelling,900,0,1,"2025-09-02 22:10:22",0,
641,996,T5000200,Travelling,0,0,1,"2025-09-02 22:09:40",0,
642,995,T7406500,Travelling,1050,0,1,"2025-09-02 22:09:02",0,
643,994,N1917700,Vendor,350,0,1,"2025-09-01 16:14:56",0,
644,993,B2035920,Vendor,350,0,1,"2025-09-01 16:14:17",0,
645,992,B1022210,Vendor,200,0,1,"2025-09-01 16:13:21",0,
646,991,N6184600,Vendor,350,0,1,"2025-09-01 16:12:30",0,
647,990,ZND8067,Vendor,300,0,1,"2025-09-01 16:11:44",0,
648,989,N4306300,Vendor,350,0,1,"2025-09-01 16:10:50",0,
649,988,B2035920,Vendor,350,0,1,"2025-09-01 16:09:32",0,
650,987,N3306300,Vendor,350,0,1,"2025-09-01 16:08:33",0,
651,986,B1150900,Vendor,2700,0,1,"2025-09-01 15:47:59",0,
652,985,MN003198,Vendor,350,0,1,"2025-09-01 15:43:51",0,
653,984,MN001243,Vendor,350,0,1,"2025-09-01 15:34:16",0,
654,983,MN001243,Vendor,350,0,1,"2025-09-01 15:32:06",0,
655,982,B3015300,Vendor,350,0,1,"2025-09-01 14:17:36",0,
656,981,B3015300,Vendor,350,0,1,"2025-09-01 14:16:56",0,
657,980,B3015300,Vendor,350,0,1,"2025-09-01 14:02:45",0,
658,979,B3015300,Vendor,350,0,1,"2025-09-01 14:00:48",0,
659,978,B3015300,Vendor,350,0,1,"2025-09-01 13:59:45",0,
660,977,P3ENDL26,Vendor,200,0,1,"2025-09-01 13:56:36",0,
661,976,MN016812,Vendor,350,0,1,"2025-09-01 13:22:16",0,
662,975,MN016812,Vendor,350,0,1,"2025-09-01 13:21:30",0,
663,974,MN016812,Vendor,350,0,1,"2025-09-01 13:20:32",0,
664,973,N2010600,Travelling,1800,0,1,"2025-08-30 13:26:07",0,
665,972,P3ENOD49,Travelling,1200,0,1,"2025-08-30 09:44:42",0,
666,971,CPCN39825,Travelling,0,0,1,"2025-08-30 09:43:23",0,
667,970,N2184710,Travelling,1800,0,1,"2025-08-29 20:26:21",0,
668,969,NB198800,Vendor,2355,0,1,"2025-08-29 10:37:40",0,
669,968,D2014900,Vendor,300,0,1,"2025-08-28 17:48:42",0,
670,967,P3ENJH59,Vendor,700,0,1,"2025-08-27 20:58:49",0,
671,966,P3ENJJ03,Vendor,1800,0,1,"2025-08-26 15:29:16",0,
672,965,ZBD8058,Travelling,1110,0,1,"2025-08-26 09:57:53",0,
673,964,MW006902,Travelling,840,0,1,"2025-08-26 09:56:37",0,
674,963,SPCPT628,Travelling,840,0,1,"2025-08-26 09:55:26",0,
675,962,T1BY000105022,Vendor,1500,0,1,"2025-08-26 09:52:22",0,
676,961,N2594300,Vendor,1000,0,1,"2025-08-26 09:51:38",0,
677,960,SPCNS759,Vendor,1500,0,1,"2025-08-26 09:51:03",0,
678,959,SPCNR094,Vendor,1500,0,1,"2025-08-26 09:50:23",0,
679,958,SPCPT391,Travelling,1080,0,1,"2025-08-26 09:49:21",0,
680,957,CPCN37811,Vendor,1500,0,1,"2025-08-26 09:48:36",0,
681,956,SPCPT391,Travelling,1080,0,1,"2025-08-26 09:47:34",0,
682,955,B3049220,Travelling,495,0,1,"2025-08-26 07:31:20",0,
683,954,B3049220,Travelling,495,0,1,"2025-08-26 07:30:36",0,
684,953,MCRM5596,Travelling,720,0,1,"2025-08-25 13:58:36",0,
685,952,SPCN5766,Vendor,500,0,1,"2025-08-23 17:30:56",0,
686,951,B3049220,Travelling,495,0,1,"2025-08-23 16:48:31",0,
687,950,B3049220,Travelling,495,0,1,"2025-08-23 16:47:49",0,
688,949,B3049220,Travelling,495,0,1,"2025-08-23 16:46:36",0,
689,948,T3118420,Travelling,0,0,1,"2025-08-23 16:39:56",0,
690,947,SPCPT391,Travelling,1260,0,1,"2025-08-23 09:01:16",0,
691,946,N2025910,Travelling,1080,0,1,"2025-08-23 14:10:14",0,
692,945,N2752300,Travelling,930,0,1,"2025-08-22 20:06:52",0,
693,944,N3306300,Vendor,200,0,1,"2025-08-22 13:58:14",0,
694,943,N3306300,Vendor,200,0,1,"2025-08-22 13:56:55",0,
695,942,4CRHR35281,Travelling,0,0,1,"2025-08-22 11:16:02",0,
696,941,T5000200,Travelling,0,0,1,"2025-08-22 10:48:47",0,
697,940,T2878500,Travelling,0,0,1,"2025-08-22 10:47:03",0,
698,939,N2184710,Travelling,1800,0,1,"2025-08-21 12:18:50",0,
699,938,N1215200,Travelling,780,0,1,"2025-08-20 12:53:42",0,
700,937,B1047500,Travelling,1680,0,1,"2025-08-20 03:51:18",0,
701,936,T2070320,Travelling,1680,0,1,"2025-08-20 03:50:25",0,
702,935,B2052920,Travelling,1470,0,1,"2025-08-20 08:24:33",0,
703,934,T5000200,Travelling,0,0,1,"2025-08-19 18:12:03",0,
704,933,N6322400,Vendor,500,0,1,"2025-08-19 09:17:14",0,
705,932,T3118420,Travelling,0,0,1,"2025-08-19 09:11:41",0,
706,931,T3118420,Travelling,0,0,1,"2025-08-19 09:10:22",0,
707,930,P3ENJJ01,Travelling,750,0,1,"2025-08-19 00:08:49",0,
708,929,N3289100,Travelling,360,0,1,"2025-08-18 23:51:47",0,
709,928,ZBB8051,Travelling,420,0,1,"2025-08-18 23:50:02",0,
710,927,ZKJ8017,Travelling,1074,0,1,"2025-08-18 23:08:39",0,
711,926,ZKJ8032,Travelling,1500,0,1,"2025-08-18 23:02:10",0,
712,925,ZKJ8028,Travelling,1500,0,1,"2025-08-18 22:21:11",0,
713,924,ZKJ8026,Travelling,1650,0,1,"2025-08-18 22:20:13",0,
714,923,ZKJ8018,Travelling,1650,0,1,"2025-08-18 22:19:19",0,
715,922,ZKJ8023,Travelling,900,0,1,"2025-08-18 22:18:21",0,
716,921,ZKJ8037,Travelling,1500,0,1,"2025-08-18 22:17:34",0,
717,920,ZKJ8038,Travelling,1500,0,1,"2025-08-18 22:16:31",0,
718,919,D8443300,Vendor,350,0,1,"2025-08-18 22:15:37",0,
719,918,ZKJ8022,Travelling,1500,0,1,"2025-08-18 22:15:05",0,
720,917,ZKJ8033,Travelling,1650,0,1,"2025-08-18 22:13:44",0,
721,916,ZKJ9061,Travelling,1200,0,1,"2025-08-18 22:10:46",0,
722,915,ZBB8042,Travelling,780,0,1,"2025-08-18 22:06:38",0,
723,914,N3225500,Travelling,0,0,1,"2025-08-18 22:01:39",0,
724,913,ZKJ8029,Travelling,1500,0,1,"2025-08-18 21:55:47",0,
725,912,ZKJ8020,Travelling,1650,0,1,"2025-08-18 21:53:53",0,
726,911,P3ECJJ02,Travelling,750,0,1,"2025-08-18 19:54:56",0,
727,910,P3ENOD49,Travelling,1200,0,1,"2025-08-18 19:47:21",0,
728,909,P3ENDK06,Travelling,900,0,1,"2025-08-18 19:46:16",0,
729,908,P3ENOD36,Travelling,2100,0,1,"2025-08-18 14:44:24",0,
730,907,SPCN16311,Travelling,900,0,1,"2025-08-18 13:05:05",0,
731,906,T2074220,Travelling,1230,0,1,"2025-08-18 13:03:42",0,
732,905,B3049220,Travelling,495,0,1,"2025-08-18 09:01:09",0,
733,904,MN005903,Travelling,0,0,1,"2025-08-18 08:55:04",0,
734,903,SPCN44210,Travelling,0,0,1,"2025-08-18 08:44:00",0,
735,902,N2118420,Travelling,585,0,1,"2025-08-18 08:33:50",0,
736,901,N3789300,Travelling,2100,0,1,"2025-08-15 14:07:40",0,
737,900,TK015300,Vendor,2352,0,1,"2025-08-14 12:05:20",0,
738,899,B3049220,"Spares,Travelling",495,0,1,"2025-08-14 09:13:57",0,
739,898,ZSB9025,Travelling,1950,0,1,"2025-08-13 20:02:19",0,
740,897,ZSB8013,Travelling,2100,0,1,"2025-08-13 19:54:13",0,
741,896,P3ENOD41,Travelling,2100,0,1,"2025-08-13 19:50:27",0,
742,895,T2070320,Travelling,1560,0,1,"2025-08-13 03:31:33",0,
743,894,ZKJ8030,Travelling,1500,0,1,"2025-08-13 00:26:50",0,
744,893,ZKJ8025,Travelling,1200,0,1,"2025-08-13 00:24:55",0,
745,892,ZSB9024,Travelling,1200,0,1,"2025-08-13 00:22:37",0,
746,891,MN021803,Travelling,1650,0,1,"2025-08-13 00:21:28",0,
747,890,P3ECMG01,Travelling,3300,0,1,"2025-08-13 00:13:36",0,
748,889,DECN258606,Travelling,1200,0,1,"2025-08-13 00:12:18",0,
749,888,DECN288603,Travelling,600,0,1,"2025-08-13 00:11:30",0,
750,887,DECN327503,Travelling,900,0,1,"2025-08-13 00:10:29",0,
751,886,CECN21218,Travelling,1200,0,1,"2025-08-13 00:09:38",0,
752,885,DECN327404,Travelling,1200,0,1,"2025-08-13 00:08:55",0,
753,884,CECN40817,Travelling,1950,0,1,"2025-08-13 00:08:07",0,
754,883,P3ENOS22,Travelling,1950,0,1,"2025-08-13 00:07:24",0,
755,882,CECN71911,Travelling,1050,0,1,"2025-08-13 00:06:22",0,
756,881,DECN226403,Travelling,1950,0,1,"2025-08-12 23:59:18",0,
757,880,P3ENOD03,Travelling,1950,0,1,"2025-08-12 23:58:34",0,
758,879,P3ENOS13,Travelling,900,0,1,"2025-08-12 23:55:13",0,
759,878,P3ENDK04,Travelling,750,0,1,"2025-08-12 23:49:59",0,
760,877,P3ENOD46,Travelling,1200,0,1,"2025-08-12 23:48:11",0,
761,876,CECN21216,Travelling,1200,0,1,"2025-08-12 23:46:05",0,
762,875,P3ENOD56,Travelling,900,0,1,"2025-08-12 23:44:03",0,
763,874,DECN224301,Travelling,900,0,1,"2025-08-12 23:39:35",0,
764,873,DECN224301,Travelling,1800,0,1,"2025-08-12 23:38:26",0,
765,872,P3ENOS21,Travelling,900,0,1,"2025-08-12 23:36:33",0,
766,871,P3ECJJ02,Travelling,750,0,1,"2025-08-12 23:33:02",0,
767,870,P3ECJJ03,Travelling,750,0,1,"2025-08-12 23:32:16",0,
768,869,P3ENOD40,Travelling,750,0,1,"2025-08-12 23:31:03",0,
769,868,P3ENOD55,Travelling,1200,0,1,"2025-08-12 23:30:16",0,
770,867,P3ENOS34,Travelling,2100,0,1,"2025-08-12 23:22:55",0,
771,866,P3ECBB03,Travelling,600,0,1,"2025-08-12 23:21:51",0,
772,865,P3ENOD58,Travelling,1200,0,1,"2025-08-12 23:20:29",0,
773,864,P3ENOS40,Travelling,2100,0,1,"2025-08-12 23:19:26",0,
774,863,P3ENOD28,Travelling,3300,0,1,"2025-08-12 23:18:05",0,
775,862,P3ENOD29,Travelling,3300,0,1,"2025-08-12 23:16:10",0,
776,861,P3ENAG25,Travelling,900,0,1,"2025-08-12 23:15:01",0,
777,860,P3ENOD14,Travelling,1200,0,1,"2025-08-12 23:13:44",0,
778,859,T2878500,Travelling,0,0,1,"2025-08-12 22:24:59",0,
779,858,B1047500,Travelling,1200,0,1,"2025-08-12 08:53:47",0,
780,857,T2071420,Travelling,0,0,1,"2025-08-12 08:50:52",0,
781,856,T2198210,Travelling,1200,0,1,"2025-08-12 08:48:03",0,
782,855,N2184710,Travelling,1800,0,1,"2025-08-11 12:14:26",0,
783,854,SPCPT622,Travelling,1560,0,1,"2025-08-08 08:57:59",0,
784,853,B2019720,Travelling,0,0,1,"2025-08-07 09:26:46",0,
785,852,SPCNR026,Travelling,495,0,1,"2025-08-06 19:49:34",0,
786,851,SPCNR026,Travelling,495,0,1,"2025-08-06 19:48:25",0,
787,850,TPRH322302,Travelling,750,0,1,"2025-08-05 14:42:19",0,
788,849,mpz12177,Travelling,0,0,1,"2025-08-02 15:35:21",0,
789,848,mpz12177,Travelling,0,0,1,"2025-08-02 15:34:08",0,
790,847,B3049220,Travelling,495,0,1,"2025-08-02 12:08:51",0,
791,846,4CRHR01391,Travelling,3120,0,1,"2025-08-02 04:46:13",0,
792,845,P1DCMU16,Spares,450,0,1,"2025-08-01 14:55:21",0,
793,844,P1DCMU07,Spares,450,0,1,"2025-08-01 14:53:56",0,
794,843,ZMD8067,Vendor,700,0,1,"2025-07-31 14:30:45",0,
795,842,ZMD8062,Vendor,700,0,1,"2025-07-31 14:23:03",0,
796,841,N2025910,Travelling,1080,0,1,"2025-07-30 17:01:46",0,
797,840,4CRHR01391,Travelling,3120,0,1,"2025-07-30 08:18:05",0,
798,839,N1964100,Travelling,1200,0,1,"2025-07-30 13:45:28",0,
799,838,T3735800,Travelling,900,0,1,"2025-07-30 13:44:22",0,
800,837,T5000200,Travelling,0,0,1,"2025-07-30 13:42:39",0,
801,836,T5000200,Travelling,0,0,1,"2025-07-30 13:41:37",0,
802,835,MN011112,Travelling,1200,0,1,"2025-07-30 13:39:56",0,
803,834,T3774100,Travelling,1080,0,1,"2025-07-30 13:39:22",0,
804,833,N3262000,Travelling,1560,0,1,"2025-07-30 13:38:40",0,
805,832,N2263200,Travelling,720,0,1,"2025-07-30 13:38:09",0,
806,831,T2878500,Travelling,0,0,1,"2025-07-30 13:37:33",0,
807,830,T5000200,Travelling,0,0,1,"2025-07-30 13:36:16",0,
808,829,N1965700,Travelling,1080,0,1,"2025-07-30 13:35:13",0,
809,828,T3735800,Travelling,900,0,1,"2025-07-30 13:34:36",0,
810,827,N1964100,Travelling,1200,0,1,"2025-07-30 13:33:51",0,
811,826,N3876900,Travelling,1380,0,1,"2025-07-30 13:32:48",0,
812,825,MN005902,Vendor,1000,0,1,"2025-07-28 19:55:12",0,
813,824,N3492900,Vendor,450,0,1,"2025-07-28 19:54:30",0,
814,823,N1218500,Travelling,888,0,1,"2025-07-28 18:21:36",0,
815,822,N1218500,Travelling,888,0,1,"2025-07-28 18:20:55",0,
816,821,N1218500,Travelling,888,0,1,"2025-07-28 18:20:01",0,
817,820,N1218500,Travelling,888,0,1,"2025-07-28 18:19:21",0,
818,819,T2074220,Travelling,1230,0,1,"2025-07-28 18:15:43",0,
819,818,T2070320,Travelling,1380,0,1,"2025-07-28 18:14:39",0,
820,817,T2070320,Travelling,1380,0,1,"2025-07-28 18:13:41",0,
821,816,MC037502,Travelling,630,0,1,"2025-07-28 17:48:22",0,
822,815,T3118420,Vendor,1021,0,1,"2025-07-28 17:42:53",0,
823,814,B1047500,Travelling,1200,0,1,"2025-07-28 17:16:31",0,
824,813,protech,Travelling,0,0,1,"2025-07-28 08:26:41",0,
825,812,T2112700,Vendor,1000,0,1,"2025-07-28 12:24:12",0,
826,811,N3047500,Travelling,1230,0,1,"2025-07-28 11:25:29",0,
827,810,T2070320,Travelling,1380,0,1,"2025-07-28 11:24:28",0,
828,809,T2070320,Travelling,1380,0,1,"2025-07-28 11:23:48",0,
829,808,N2070920,Travelling,1140,0,1,"2025-07-28 11:22:33",0,
830,807,B2020020,Travelling,1440,0,1,"2025-07-28 11:21:23",0,
831,806,T2117120,Vendor,1000,0,1,"2025-07-28 11:20:23",0,
832,805,B1047500,Travelling,1200,0,1,"2025-07-28 11:19:24",0,
833,804,B2020020,Travelling,1440,0,1,"2025-07-28 11:17:29",0,
834,803,T2117120,Vendor,1000,0,1,"2025-07-28 11:16:26",0,
835,802,B1047500,Travelling,1200,0,1,"2025-07-28 11:12:57",0,
836,801,SPCPT633,Travelling,750,0,1,"2025-07-28 10:56:00",0,
837,800,N2216700,Vendor,1000,0,1,"2025-07-28 10:44:06",0,
838,799,MW006902,Travelling,840,0,1,"2025-07-28 10:42:18",0,
839,798,MW006902,Travelling,840,0,1,"2025-07-28 10:41:35",0,
840,797,MW006902,Travelling,840,0,1,"2025-07-28 10:40:51",0,
841,796,ZBD8037,Travelling,840,0,1,"2025-07-28 10:35:36",0,
842,795,T1BY000105022,Vendor,1500,0,1,"2025-07-28 10:34:48",0,
843,794,T1BY000058098,Vendor,1000,0,1,"2025-07-28 10:33:31",0,
844,793,SPCNS759,Vendor,1500,0,1,"2025-07-28 10:32:48",0,
845,792,ZHW8078,Travelling,720,0,1,"2025-07-28 10:32:13",0,
846,791,N2594300,Vendor,1000,0,1,"2025-07-28 10:31:25",0,
847,790,SPCPT628,Travelling,840,0,1,"2025-07-28 10:30:11",0,
848,789,ZBD8037,Travelling,840,0,1,"2025-07-28 10:27:33",0,
849,788,T1BY000105022,Vendor,1500,0,1,"2025-07-28 10:26:38",0,
850,787,T1BY000058098,Vendor,1000,0,1,"2025-07-28 10:26:03",0,
851,786,SPCNS759,Vendor,1000,0,1,"2025-07-28 10:25:19",0,
852,785,ZHW8078,Travelling,720,0,1,"2025-07-28 10:24:37",0,
853,784,N2594300,Vendor,1000,0,1,"2025-07-28 10:23:43",0,
854,783,SPCPT628,Travelling,840,0,1,"2025-07-28 10:23:03",0,
855,782,P3ENJH59,Spares,1000,0,1,"2025-07-26 08:57:25",0,
856,781,P3ENJH59,Vendor,600,0,1,"2025-07-26 08:54:20",0,
857,780,N2611900,Vendor,850,0,1,"2025-07-25 16:52:39",0,
858,779,N2611900,Vendor,850,0,1,"2025-07-25 16:52:05",0,
859,778,N2611900,Vendor,850,0,1,"2025-07-25 16:51:31",0,
860,777,N2611900,Vendor,850,0,1,"2025-07-25 16:49:06",0,
861,776,N2611900,Vendor,850,0,1,"2025-07-25 16:48:25",0,
862,775,N2611900,Vendor,850,0,1,"2025-07-25 16:47:34",0,
863,774,N2611800,Vendor,550,0,1,"2025-07-25 16:46:03",0,
864,773,T2070320,Travelling,1680,0,1,"2025-07-25 10:13:15",0,
865,772,N2611800,Vendor,550,0,1,"2025-07-25 15:10:06",0,
866,771,N2611800,Vendor,550,0,1,"2025-07-25 15:09:18",0,
867,770,N2611800,Vendor,550,0,1,"2025-07-25 15:08:33",0,
868,769,N2611800,Vendor,550,0,1,"2025-07-25 15:04:41",0,
869,768,N2611800,Vendor,550,0,1,"2025-07-25 15:04:07",0,
870,767,N2142410,Vendor,850,0,1,"2025-07-25 14:57:30",0,
871,766,N2142410,Vendor,850,0,1,"2025-07-25 14:56:59",0,
872,765,SPCPT633,Travelling,576,0,1,"2025-07-25 08:54:36",0,
873,764,BPCN190604,Travelling,0,0,1,"2025-07-25 09:07:00",0,
874,763,N2025910,Travelling,1080,0,1,"2025-07-24 21:07:44",0,
875,762,N2118420,Travelling,585,0,1,"2025-07-23 18:53:56",0,
876,761,N3492900,Travelling,405,0,1,"2025-07-23 18:46:12",0,
877,760,MN005903,Travelling,0,0,1,"2025-07-23 18:38:29",0,
878,759,N4390500,Travelling,1800,0,1,"2025-07-23 15:02:18",0,
879,758,T2735300,Travelling,1050,0,1,"2025-07-23 14:59:43",0,
880,757,N2284000,Travelling,2250,0,1,"2025-07-23 14:58:34",0,
881,756,N4390500,Travelling,1800,0,1,"2025-07-23 14:57:18",0,
882,755,N2752300,Travelling,930,0,1,"2025-07-20 03:35:31",0,
883,754,ZAG9071,Travelling,0,0,1,"2025-07-20 03:33:54",0,
884,753,D1799800,Travelling,0,0,1,"2025-07-14 19:34:04",0,
885,752,N2752300,Travelling,930,0,1,"2025-07-14 19:27:56",0,
886,751,ZAG9071,Travelling,0,0,1,"2025-07-14 19:25:59",0,
887,750,N2228800,Spares,0,0,1,"2025-07-11 23:26:07",0,
888,749,P3ENPT76,Vendor,700,0,1,"2025-07-11 22:39:41",0,
889,748,N3492900,Travelling,405,0,1,"2025-07-11 13:32:37",0,
890,747,N3492900,Travelling,405,0,1,"2025-07-11 13:32:37",0,
891,746,P3ENJB06,Spares,2500,0,1,"2025-07-10 06:58:03",0,
892,745,P3ENJE01,Spares,2700,0,1,"2025-07-10 06:56:05",0,
893,744,N2752300,Travelling,660,0,1,"2025-07-08 16:29:02",0,
894,743,ZHW8052,Travelling,630,0,1,"2025-07-08 21:29:04",0,
895,742,B2020020,Travelling,1440,0,1,"2025-07-08 20:47:17",0,
896,741,B1019920,Travelling,1470,0,1,"2025-07-08 20:30:22",0,
897,740,P3ENJB06,Spares,2500,0,1,"2025-07-08 14:59:25",0,
898,739,B1019920,Travelling,1470,0,1,"2025-07-08 20:28:08",0,
899,738,T2074220,Travelling,1230,0,1,"2025-07-08 19:52:49",0,
900,737,B3049220,Travelling,495,0,1,"2025-07-08 09:33:42",0,
901,736,SPCPU135,Spares,1000,0,1,"2025-07-07 10:52:27",0,
902,735,SECNH842,Spares,1000,0,1,"2025-07-07 10:52:11",0,
903,734,LUON8171,Spares,1000,0,1,"2025-07-07 10:51:55",0,
904,733,LUON8167,Spares,1000,0,1,"2025-07-07 10:51:21",0,
905,732,N2184710,Travelling,2400,0,1,"2025-07-07 10:11:38",0,
906,731,Awaiting_1506,Travelling,0,0,1,"2025-07-05 12:08:07",0,
907,730,P3DCVX24,Travelling,1500,0,1,"2025-07-02 05:45:44",0,
908,729,T1BY000058098,Vendor,1200,0,1,"2025-07-02 08:38:56",0,
909,728,N2118420,Travelling,585,0,1,"2025-06-30 10:19:07",0,
910,727,N3047500,Travelling,1440,0,1,"2025-06-28 04:00:42",0,
911,726,MCRM5393,Travelling,840,0,1,"2025-06-27 07:43:37",0,
912,725,MCRM5596,Travelling,840,0,1,"2025-06-27 07:43:23",0,
913,724,MCRM5596,Travelling,840,0,1,"2025-06-27 07:42:55",0,
914,723,N2010600,Travelling,2100,0,1,"2025-06-26 16:18:07",0,
915,722,ZAG9071,Travelling,0,0,1,"2025-06-26 17:00:05",0,
916,721,ZAG9071,Travelling,0,0,1,"2025-06-24 19:43:20",0,
917,720,N2752300,Travelling,600,0,1,"2025-06-24 08:23:51",0,
918,719,T2799800,Travelling,0,0,1,"2025-06-23 18:30:26",0,
919,718,4CRHR58471,Travelling,2880,0,1,"2025-06-23 06:50:08",0,
920,717,N5076500,Vendor,0,0,1,"2025-06-23 02:17:21",0,
921,716,B2303100,Vendor,0,0,1,"2025-06-23 02:16:50",0,
922,715,E1157810,Vendor,0,0,1,"2025-06-23 02:15:58",0,
923,714,N5076500,Vendor,0,0,1,"2025-06-23 02:15:11",0,
924,713,E1157810,Vendor,0,0,1,"2025-06-23 02:14:15",0,
925,712,N5076500,Vendor,0,0,1,"2025-06-23 02:13:40",0,
926,711,N4142400,Travelling,900,0,1,"2025-06-20 18:44:52",0,
927,710,D9957700,Travelling,600,0,1,"2025-06-20 18:39:21",0,
928,709,N3415800,Spares,800,0,1,"2025-06-20 15:05:36",0,
929,708,P3ENPT82,Spares,1200,0,1,"2025-06-19 18:11:31",0,
930,707,MW006902,Travelling,840,0,1,"2025-06-19 09:30:15",0,
931,706,APCN49819,Travelling,1020,0,1,"2025-06-19 09:29:22",0,
932,705,SPCPT391,Travelling,1080,0,1,"2025-06-19 09:28:37",0,
933,704,ZGA9060,Travelling,600,0,1,"2025-06-17 17:36:38",0,
934,703,B1803000,Travelling,0,0,1,"2025-06-17 21:56:43",0,
935,702,ZRN8023,Travelling,0,0,1,"2025-06-17 21:49:13",0,
936,701,N4789300,Travelling,2160,0,1,"2025-06-16 12:05:11",0,
937,700,D2671100,Travelling,1800,0,1,"2025-06-16 11:51:27",0,
938,699,N2670800,Spares,450,0,1,"2025-06-16 11:49:14",0,
939,698,A1257900,Spares,450,0,1,"2025-06-16 11:45:58",0,
940,697,B1080200,Spares,450,0,1,"2025-06-16 11:45:25",0,
941,696,N2302100,Spares,450,0,1,"2025-06-16 11:44:39",0,
942,695,N2293400,Spares,450,0,1,"2025-06-16 11:43:58",0,
943,694,N2983400,Spares,450,0,1,"2025-06-16 11:35:49",0,
944,693,N2983400,Spares,450,0,1,"2025-06-16 11:34:57",0,
945,692,T2643000,Travelling,0,0,1,"2025-06-14 15:24:57",0,
946,691,ZKA9073,Travelling,0,0,1,"2025-06-14 15:17:07",0,
947,690,ZAG9071,Travelling,0,0,1,"2025-06-14 15:11:41",0,
948,689,BPCN108408,Spares,2279,0,1,"2025-06-14 12:22:55",0,
949,688,BPCN108408,Spares,0,0,1,"2025-06-14 12:18:59",0,
950,687,A2754000,Travelling,1080,0,1,"2025-06-12 23:06:39",0,
951,686,ZGA9064,Travelling,720,0,1,"2025-06-12 22:37:46",0,
952,685,A2754000,Travelling,1080,0,1,"2025-06-12 22:35:19",0,
953,684,N4670200,Travelling,720,0,1,"2025-06-12 22:26:36",0,
954,683,ZKA9081,Travelling,0,0,1,"2025-06-12 17:45:58",0,
955,682,ZGW9028,Vendor,1000,0,1,"2025-06-12 08:45:25",0,
956,681,T2074220,Travelling,1230,0,1,"2025-06-12 08:28:25",0,
957,680,N2071020,Travelling,1380,0,1,"2025-06-12 08:27:19",0,
958,679,T2192920,Travelling,1470,0,1,"2025-06-12 08:26:27",0,
959,678,B1185710,Travelling,1230,0,1,"2025-06-12 08:25:01",0,
960,677,B2029920,Travelling,1170,0,1,"2025-06-12 08:18:15",0,
961,676,T2131220,Travelling,0,0,1,"2025-06-12 08:17:16",0,
962,675,A2117020,Travelling,1290,0,1,"2025-06-12 08:13:47",0,
963,674,T3198210,Travelling,1200,0,1,"2025-06-12 08:12:45",0,
964,673,T2127720,Travelling,1500,0,1,"2025-06-12 08:11:24",0,
965,672,T2070320,Travelling,1380,0,1,"2025-06-12 08:10:03",0,
966,671,ZBD8065,Travelling,1230,0,1,"2025-06-12 08:08:18",0,
967,670,B2020020,Travelling,1440,0,1,"2025-06-12 08:06:47",0,
968,669,T2055720,Travelling,1440,0,1,"2025-06-12 08:05:42",0,
969,668,B1019920,Travelling,1470,0,1,"2025-06-12 08:03:05",0,
970,667,D4047500,Travelling,1200,0,1,"2025-06-12 08:01:32",0,
971,666,Nl071200,Spares,450,0,1,"2025-06-10 18:47:44",0,
972,665,ZKA9078,Vendor,350,0,1,"2025-06-10 17:50:04",0,
973,664,B1150900,Spares,1800,0,1,"2025-06-10 12:49:49",0,
974,663,ZSG8030,Vendor,1000,0,1,"2025-06-10 09:56:28",0,
975,662,ZBD8058,Travelling,1110,0,1,"2025-06-10 09:51:45",0,
976,661,BPCN130010,Travelling,900,0,1,"2025-06-10 09:50:52",0,
977,660,SPCN44210,Vendor,1000,0,1,"2025-06-10 09:50:05",0,
978,659,B1216700,Vendor,1000,0,1,"2025-06-10 09:48:49",0,
979,658,ZHW8071,Travelling,1020,0,1,"2025-06-10 09:48:21",0,
980,657,ZBD8043,Travelling,960,0,1,"2025-06-10 09:47:27",0,
981,656,ZBD8042,Travelling,840,0,1,"2025-06-10 09:46:37",0,
982,655,SPCPT633,Travelling,750,0,1,"2025-06-10 09:45:48",0,
983,654,APCN49814,Travelling,900,0,1,"2025-06-10 09:44:40",0,
984,653,N2216700,Vendor,1000,0,1,"2025-06-10 09:43:26",0,
985,652,ZBD8050,Travelling,840,0,1,"2025-06-10 09:39:41",0,
986,651,ZBD8050,Travelling,840,0,1,"2025-06-10 09:36:27",0,
987,650,APCN72909,Vendor,1500,0,1,"2025-06-10 09:31:25",0,
988,649,MN002009,Vendor,50,0,1,"2025-06-09 19:53:50",0,
989,648,N8303100,Vendor,50,0,1,"2025-06-09 19:52:49",0,
990,647,A7408400,Vendor,50,0,1,"2025-06-09 19:52:12",0,
991,646,B1157810,Vendor,50,0,1,"2025-06-09 19:51:36",0,
992,645,N5076500,Vendor,50,0,1,"2025-06-09 19:51:00",0,
993,644,B1029700,Vendor,50,0,1,"2025-06-09 19:50:15",0,
994,643,N3984100,Vendor,50,0,1,"2025-06-09 19:49:43",0,
995,642,B2030400,Vendor,50,0,1,"2025-06-09 19:49:04",0,
996,641,DA029700,Vendor,50,0,1,"2025-06-09 19:48:30",0,
997,640,DA029700,Vendor,50,0,1,"2025-06-09 19:47:44",0,
998,639,P3ENPJ34,Vendor,50,0,1,"2025-06-09 19:46:48",0,
999,638,B1076500,Vendor,50,0,1,"2025-06-09 19:46:05",0,
1000,637,P3ENGG35,Spares,900,0,1,"2025-06-09 15:47:19",0,
1001,636,mhhao055,Spares,150,0,1,"2025-06-09 15:18:58",0,
1002,635,N4390500,Travelling,1800,0,1,"2025-06-09 14:03:16",0,
1003,634,ZLC9100,Spares,1100,0,1,"2025-06-09 11:18:50",0,
1004,633,ZLC9100,Vendor,400,0,1,"2025-06-09 10:54:54",0,
1005,632,ZLC9100,Spares,200,0,1,"2025-06-09 10:52:49",0,
1006,631,A2735900,Travelling,750,0,1,"2025-06-07 13:19:57",0,
1007,630,N2284000,Travelling,2250,0,1,"2025-06-07 13:19:14",0,
1008,629,A1217010,Travelling,840,0,1,"2025-06-07 13:17:54",0,
1009,628,N4390500,Travelling,1800,0,1,"2025-06-07 13:11:21",0,
1010,627,N2025910,Travelling,1080,0,1,"2025-06-07 13:06:32",0,
1011,626,T2661600,Travelling,420,0,1,"2025-06-07 06:37:09",0,
1012,625,A1215010,Travelling,840,0,1,"2025-06-07 06:28:09",0,
1013,624,N1965700,Travelling,1080,0,1,"2025-06-07 06:26:17",0,
1014,623,N3262000,Travelling,1560,0,1,"2025-06-07 06:25:23",0,
1015,622,T3774100,Travelling,1080,0,1,"2025-06-07 06:24:41",0,
1016,621,MN011112,Travelling,1200,0,1,"2025-06-07 06:23:52",0,
1017,620,T3735800,Travelling,900,0,1,"2025-06-07 06:23:09",0,
1018,619,N3876900,Travelling,1380,0,1,"2025-06-07 06:21:46",0,
1019,618,A2754000,Travelling,1080,0,1,"2025-06-02 13:29:08",0,
1020,617,ZGA9064,Travelling,720,0,1,"2025-06-02 13:27:34",0,
1021,616,4CRHR12421,Travelling,0,0,1,"2025-06-02 13:25:40",0,
1022,615,ZAG9066,Travelling,360,0,1,"2025-06-01 14:53:10",0,
1023,614,N2025910,Travelling,1080,0,1,"2025-05-31 12:02:49",0,
1024,613,N2025910,Travelling,1080,0,1,"2025-05-31 12:01:58",0,
1025,612,N4390500,Travelling,1800,0,1,"2025-05-31 12:00:06",0,
1026,611,N4390500,Travelling,1800,0,1,"2025-05-31 11:59:00",0,
1027,610,ZBB8042,Travelling,780,0,1,"2025-05-31 10:55:55",0,
1028,609,"Gwalior Pintoo Park",Vendor,1500,0,1,"2025-05-31 10:40:29",0,
1029,608,"Bada Mor Bazar",Vendor,1500,0,1,"2025-05-31 10:39:39",0,
1030,607,"Gwalior Pintoo Park",Vendor,3000,0,1,"2025-05-31 10:38:47",0,
1031,606,"Dodamarg Bazarpeth",Vendor,3500,0,1,"2025-05-31 10:36:12",0,
1032,605,N1964100,Travelling,1200,0,1,"2025-05-31 10:26:23",0,
1033,604,N1964100,Travelling,1200,0,1,"2025-05-31 10:25:19",0,
1034,603,N2283900,Vendor,700,0,1,"2025-05-30 21:26:42",0,
1035,602,N2103300,Vendor,700,0,1,"2025-05-30 21:25:42",0,
1036,601,P3ENCO14,Vendor,700,0,1,"2025-05-30 17:18:14",0,
1037,600,4CRHR35211,Vendor,510,0,1,"2025-05-30 12:16:21",0,
1038,599,ZBG9034,"Spares,Travelling,Vendor",1500,0,1,"2025-05-30 07:27:35",0,
1039,598,ZCB8059,Vendor,700,0,1,"2025-05-29 15:44:16",0,
1040,597,T1951900,Travelling,450,0,1,"2025-05-28 15:13:51",0,
1041,596,N3190120,Travelling,720,0,1,"2025-05-28 15:11:43",0,
1042,595,N1716800,Travelling,720,0,1,"2025-05-28 15:09:15",0,
1043,594,N2691900,Vendor,400,0,1,"2025-05-27 13:20:34",0,
1044,593,D4132400,"Travelling,Vendor",1200,0,1,"2025-05-20 22:04:46",0,
1045,592,ZBG9034,"Travelling,Vendor",1380,0,1,"2025-05-20 21:00:19",0,
1046,591,N1751400,"Travelling,Vendor",1200,0,1,"2025-05-20 20:08:33",0,
1047,590,A1217010,Travelling,840,0,1,"2025-05-20 16:35:43",0,
1048,589,N2025910,Travelling,1080,0,1,"2025-05-20 16:28:05",0,
1049,588,N8657100,Spares,13600,0,1,"2025-05-15 13:56:57",0,
1050,587,N2070920,Travelling,1140,0,1,"2025-05-15 10:06:33",0,
1051,586,N2070920,Travelling,1140,0,1,"2025-05-15 10:05:30",0,
1052,585,A2117020,Travelling,1290,0,1,"2025-05-15 10:04:22",0,
1053,584,T2070320,Travelling,1380,0,1,"2025-05-15 10:03:09",0,
1054,583,N2071020,Travelling,1380,0,1,"2025-05-15 10:01:45",0,
1055,582,B2029920,Travelling,1170,0,1,"2025-05-15 09:57:23",0,
1056,581,T2192920,Travelling,1470,0,1,"2025-05-15 09:53:52",0,
1057,580,ZBD8065,Travelling,1230,0,1,"2025-05-15 09:52:37",0,
1058,579,T2074220,Travelling,1230,0,1,"2025-05-15 09:51:17",0,
1059,578,T3198210,Travelling,1200,0,1,"2025-05-15 09:48:43",0,
1060,577,ZHW8071,Travelling,1020,0,1,"2025-05-15 09:12:25",0,
1061,576,D9012420,Spares,480,0,1,"2025-05-14 17:40:36",0,
1062,575,ZKE8104,Vendor,1200,0,1,"2025-05-14 17:36:02",0,
1063,574,ZKE8099,Vendor,1200,0,1,"2025-05-14 17:31:37",0,
1064,573,ZKE8094,Vendor,1200,0,1,"2025-05-14 17:30:57",0,
1065,572,ZKE8086,Vendor,1200,0,1,"2025-05-14 17:29:56",0,
1066,571,ZKE8085,Vendor,1200,0,1,"2025-05-14 17:26:12",0,
1067,570,ZKE8072,Vendor,1200,0,1,"2025-05-14 17:24:02",0,
1068,569,ZKE8063,Vendor,1200,0,1,"2025-05-14 17:22:30",0,
1069,568,ZKE8058,Vendor,1200,0,1,"2025-05-14 17:21:04",0,
1070,567,ZKE8055,Vendor,1200,0,1,"2025-05-14 17:20:21",0,
1071,566,ZKE8053,Vendor,1200,0,1,"2025-05-14 17:19:50",0,
1072,565,TINY070120059,Vendor,1200,0,1,"2025-05-14 17:19:30",0,
1073,564,TINY000861177,Vendor,1200,0,1,"2025-05-14 17:19:00",0,
1074,563,T1NY070334025,Vendor,1200,0,1,"2025-05-14 17:17:33",0,
1075,562,T1NY070103052,Vendor,1200,0,1,"2025-05-14 17:16:22",0,
1076,561,S1NZ001015046,Vendor,1200,0,1,"2025-05-14 17:15:59",0,
1077,560,S1NZ000861041,Vendor,1200,0,1,"2025-05-14 17:15:29",0,
1078,559,S1NZ000262006,Vendor,1200,0,1,"2025-05-14 17:14:45",0,
1079,558,S1N6070502069,Vendor,1200,0,1,"2025-05-14 17:14:17",0,
1080,557,MPB02669,Vendor,1200,0,1,"2025-05-14 17:13:53",0,
1081,556,MC005002,Vendor,1200,0,1,"2025-05-14 17:12:57",0,
1082,555,MC001003,Vendor,1200,0,1,"2025-05-14 17:12:28",0,
1083,554,GFRH070177026,Vendor,1200,0,1,"2025-05-14 17:12:00",0,
1084,553,GFNH070075002,Vendor,1200,0,1,"2025-05-14 17:11:34",0,
1085,552,GFNH000940034,Vendor,1200,0,1,"2025-05-14 17:10:21",0,
1086,551,GFNH000861167,Vendor,1200,0,1,"2025-05-14 17:09:33",0,
1087,550,GFNH000861166,Vendor,1200,0,1,"2025-05-14 17:08:52",0,
1088,549,GFNH000861057,Vendor,1200,0,1,"2025-05-14 17:08:15",0,
1089,548,GFNH000861054,Vendor,1200,0,1,"2025-05-14 17:07:29",0,
1090,547,GFNH000861053,Vendor,1200,0,1,"2025-05-14 17:06:48",0,
1091,546,GFNH000861052,Vendor,1200,0,1,"2025-05-14 17:06:04",0,
1092,545,GFBH070334010,Vendor,1200,0,1,"2025-05-14 17:05:16",0,
1093,544,GFBH070177014,Vendor,1200,0,1,"2025-05-14 17:04:49",0,
1094,543,GFBH070177011,Vendor,1200,0,1,"2025-05-14 17:03:57",0,
1095,542,GFBH007844091,Vendor,1200,0,1,"2025-05-14 17:01:40",0,
1096,541,GFBH003035009,Vendor,1200,0,1,"2025-05-14 17:00:28",0,
1097,540,GFBH000926024,Vendor,1200,0,1,"2025-05-14 16:59:16",0,
1098,539,GFBH000903138,Vendor,1200,0,1,"2025-05-14 16:58:49",0,
1099,538,GFBH000903028,Vendor,1200,0,1,"2025-05-14 16:57:01",0,
1100,537,GFBH000802091,Vendor,1200,0,1,"2025-05-14 16:56:05",0,
1101,536,GFBH000262110,Vendor,1200,0,1,"2025-05-14 16:55:32",0,
1102,535,DKL12313,Vendor,1200,0,1,"2025-05-14 16:55:01",0,
1103,534,DKL12246,Vendor,1200,0,1,"2025-05-14 16:54:35",0,
1104,533,DKL12240,Vendor,1200,0,1,"2025-05-14 16:52:30",0,
1105,532,DKL12231,Vendor,1200,0,1,"2025-05-14 16:51:58",0,
1106,531,DKL12196,Vendor,1200,0,1,"2025-05-14 16:51:03",0,
1107,530,DKL12013,Vendor,1200,0,1,"2025-05-14 16:50:30",0,
1108,529,N2284700,Vendor,1200,0,1,"2025-05-13 13:19:10",0,
1109,528,A4623400,Vendor,700,0,1,"2025-05-13 13:16:46",0,
1110,527,N1927100,Vendor,700,0,1,"2025-05-13 13:15:27",0,
1111,526,T3735800,Travelling,900,0,1,"2025-05-12 23:04:42",0,
1112,525,DA029700,Vendor,100,0,1,"2025-05-12 18:13:13",0,
1113,524,B1029700,Vendor,100,0,1,"2025-05-12 18:10:36",0,
1114,523,B1077710,Vendor,100,0,1,"2025-05-12 18:09:56",0,
1115,522,B2030400,Vendor,100,0,1,"2025-05-12 18:09:01",0,
1116,521,T3774100,Travelling,1080,0,1,"2025-05-12 17:59:13",0,
1117,520,N4000200,Travelling,1080,0,1,"2025-05-12 17:58:10",0,
1118,519,N3262000,Travelling,1560,0,1,"2025-05-12 17:56:13",0,
1119,518,N1965700,Travelling,1080,0,1,"2025-05-12 17:54:53",0,
1120,517,N1878500,Travelling,1440,0,1,"2025-05-12 17:53:30",0,
1121,516,MN011112,Travelling,1200,0,1,"2025-05-12 17:51:25",0,
1122,515,A1215010,Travelling,840,0,1,"2025-05-12 17:40:14",0,
1123,514,ZVN9075,Vendor,500,0,1,"2025-05-12 16:23:06",0,
1124,513,N3876900,Travelling,1380,0,1,"2025-05-12 15:45:41",0,
1125,512,N2263200,Travelling,720,0,1,"2025-05-12 15:40:00",0,
1126,511,N2025910,Travelling,1080,0,1,"2025-05-12 15:36:46",0,
1127,510,P3ennd93,Spares,3500,0,1,"2025-05-12 13:24:54",0,
1128,509,"P3ENND93 ",Spares,5350,0,1,"2025-05-12 13:11:03",0,
1129,508,ZLC9100,Vendor,0,0,1,"2025-05-12 10:51:52",0,
1130,507,ZLC9100,Vendor,0,0,1,"2025-05-12 10:51:35",0,
1131,506,ZLC9100,Vendor,0,0,1,"2025-05-12 10:51:12",0,
1132,505,ZLC9100,Vendor,400,0,1,"2025-05-12 10:50:32",0,
1133,504,N6408400,Vendor,100,0,1,"2025-05-11 13:09:40",0,
1134,503,TA408400,Vendor,100,0,1,"2025-05-11 13:08:08",0,
1135,502,T2009510,Vendor,200,0,1,"2025-05-11 13:06:24",0,
1136,501,CECN51617,Vendor,500,0,1,"2025-05-11 13:04:28",0,
1137,500,B1205700,Vendor,100,0,1,"2025-05-11 13:01:24",0,
1138,499,P3ENPJ34,Vendor,100,0,1,"2025-05-11 12:58:58",0,
1139,498,B1077710,Vendor,100,0,1,"2025-05-11 12:54:55",0,
1140,497,B1029700,Vendor,100,0,1,"2025-05-11 12:53:43",0,
1141,496,B2030400,Vendor,100,0,1,"2025-05-11 12:51:48",0,
1142,495,DA029700,Vendor,100,0,1,"2025-05-11 12:50:21",0,
1143,494,E1157810,Vendor,100,0,1,"2025-05-11 12:46:11",0,
1144,493,N4000200,Travelling,1080,0,1,"2025-05-11 11:25:37",0,
1145,492,P3ENNZ95,Spares,1800,0,1,"2025-05-10 06:30:13",0,
1146,491,P3ECNK18,Spares,1050,0,1,"2025-05-10 06:15:00",0,
1147,490,BECN147111,Vendor,500,0,1,"2025-05-09 18:29:05",0,
1148,489,50002771,Travelling,480,0,1,"2025-05-09 09:19:55",0,
1149,488,SPCPT569,Travelling,120,0,1,"2025-05-09 09:17:40",0,
1150,487,ZUJ8040,Travelling,360,0,1,"2025-05-08 13:50:06",0,
1151,486,ZGZ9069,Vendor,0,0,1,"2025-05-08 18:39:39",0,
1152,485,ZGZ9069,Vendor,0,0,1,"2025-05-08 18:39:10",0,
1153,484,ZGZ9069,Vendor,300,0,1,"2025-05-08 18:38:21",0,
1154,483,P3ENAT01,Vendor,700,0,1,"2025-05-08 16:32:46",0,
1155,482,APCN11830,Vendor,700,0,1,"2025-05-08 16:18:30",0,
1156,481,ZKE8079,Vendor,1200,0,1,"2025-05-08 16:17:31",0,
1157,480,ZKE8079,Vendor,700,0,1,"2025-05-08 16:16:34",0,
1158,479,ZMD8058,Vendor,700,0,1,"2025-05-08 16:16:01",0,
1159,478,ZMD8062,Vendor,700,0,1,"2025-05-08 16:15:26",0,
1160,477,P3ENOD44,Travelling,900,0,1,"2025-05-08 16:13:15",0,
1161,476,P3ENOD37,Travelling,1050,0,1,"2025-05-08 16:11:51",0,
1162,475,ZKJ8019,Vendor,1000,0,1,"2025-05-08 16:09:28",0,
1163,474,ZKJ8020,Vendor,1000,0,1,"2025-05-08 16:08:50",0,
1164,473,ZKJ8026,Vendor,1500,0,1,"2025-05-08 16:08:00",0,
1165,472,ZKJ8033,Vendor,1550,0,1,"2025-05-08 15:57:29",0,
1166,471,ZKJ8038,Vendor,800,0,1,"2025-05-08 15:52:59",0,
1167,470,ZKJ8032,Vendor,1000,0,1,"2025-05-08 10:46:40",0,
1168,469,N3612000,Vendor,1000,0,1,"2025-05-08 10:42:35",0,
1169,468,T1150120,Vendor,480,0,1,"2025-05-08 10:32:32",0,
1170,467,B1612000,Vendor,1000,0,1,"2025-05-08 10:30:41",0,
1171,466,N2611900,Vendor,650,0,1,"2025-05-08 10:28:56",0,
1172,465,ZHB9047,Vendor,450,0,1,"2025-05-08 10:26:55",0,
1173,464,N1915800,Vendor,480,0,1,"2025-05-08 10:24:46",0,
1174,463,N2612000,Vendor,1000,0,1,"2025-05-08 10:20:21",0,
1175,462,ZKJ8032,Vendor,1000,0,1,"2025-05-08 10:09:40",0,
1176,461,N2118420,Travelling,585,0,1,"2025-05-07 19:18:03",0,
1177,460,APCN49814,Travelling,900,0,1,"2025-05-07 19:15:58",0,
1178,459,ZGW9028,Vendor,1200,0,1,"2025-05-07 19:13:46",0,
1179,458,MW006902,Travelling,840,0,1,"2025-05-07 19:13:02",0,
1180,457,B1216700,Vendor,1000,0,1,"2025-05-07 19:11:37",0,
1181,456,ZGW9028,Vendor,1200,0,1,"2025-05-07 19:10:37",0,
1182,455,ZBD8042,Travelling,840,0,1,"2025-05-07 18:54:59",0,
1183,454,BPCN190604,Vendor,1000,0,1,"2025-05-07 18:53:59",0,
1184,453,BPCN190604,Vendor,1000,0,1,"2025-05-07 18:52:51",0,
1185,452,B1216700,Vendor,10000,0,1,"2025-05-07 18:51:56",0,
1186,451,SPCN44210,Vendor,1000,0,1,"2025-05-07 18:51:00",0,
1187,450,ZBD8050,Travelling,840,0,1,"2025-05-07 18:50:06",0,
1188,449,N2594300,Vendor,1000,0,1,"2025-05-07 18:48:01",0,
1189,448,ZGW9028,Vendor,1200,0,1,"2025-05-07 18:40:19",0,
1190,447,ZBD8050,Travelling,840,0,1,"2025-05-07 18:38:03",0,
1191,446,T1BY000058098,Vendor,1500,0,1,"2025-05-07 18:36:38",0,
1192,445,B1216700,Vendor,1000,0,1,"2025-05-07 18:32:47",0,
1193,444,B1216700,Vendor,1000,0,1,"2025-05-07 18:15:55",0,
1194,443,SPCN4986,Travelling,1020,0,1,"2025-05-07 18:11:01",0,
1195,442,ZGW9028,Vendor,1200,0,1,"2025-05-07 18:09:30",0,
1196,441,MC037502,Travelling,630,0,1,"2025-05-07 17:59:50",0,
1197,440,SPCN4594,Vendor,1300,0,1,"2025-05-07 17:22:02",0,
1198,439,B1145600,"Spares,Vendor",3460,0,1,"2025-05-07 16:33:16",0,
1199,438,n3881100,Vendor,2080,0,1,"2025-05-07 12:50:21",0,
1200,437,N1965700,Travelling,1080,0,1,"2025-05-07 08:50:24",0,
1201,436,N4000200,Travelling,0,0,1,"2025-05-07 08:49:04",0,
1202,435,N4000200,Travelling,960,0,1,"2025-05-07 03:16:00",0,
1203,434,DPCN135412,Vendor,800,0,1,"2025-05-06 19:08:00",0,
1204,433,N2612000,Vendor,0,0,1,"2025-05-06 08:56:16",0,
1205,432,N2612000,Vendor,0,0,1,"2025-05-06 08:52:17",0,
1206,431,N2612000,Vendor,0,0,1,"2025-05-06 08:51:21",0,
1207,430,ZAG8027,Spares,550,0,1,"2025-05-06 11:42:53",0,
1208,429,N3488700,Vendor,0,0,1,"2025-05-06 05:23:01",0,
1209,428,ZVN9071,Spares,950,0,1,"2025-05-06 10:40:18",0,
1210,427,T1NY007252081,Vendor,1200,0,1,"2025-05-06 10:17:32",0,
1211,426,ZLC9100,Vendor,400,0,1,"2025-05-06 10:17:19",0,
1212,425,ZKA9082,Vendor,500,0,1,"2025-05-06 10:16:29",0,
1213,424,ZVN8041,Vendor,300,0,1,"2025-05-06 10:15:23",0,
1214,423,ZKE8086,Vendor,1200,0,1,"2025-05-06 10:15:02",0,
1215,422,ZKA8043,Vendor,300,0,1,"2025-05-06 10:14:29",0,
1216,421,ZKE8099,Vendor,1200,0,1,"2025-05-06 10:14:16",0,
1217,420,ZKA9078,Vendor,600,0,1,"2025-05-06 10:14:04",0,
1218,419,ZKE8038,Vendor,1200,0,1,"2025-05-06 10:13:11",0,
1219,418,D5009400,Vendor,1200,0,1,"2025-05-06 10:13:01",0,
1220,417,N1190800,Vendor,1500,0,1,"2025-05-06 10:13:00",0,
1221,416,ZGZ9059,Vendor,1200,0,1,"2025-05-06 10:12:59",0,
1222,415,ZKE8072,Vendor,1200,0,1,"2025-05-06 10:11:10",0,
1223,414,T1NY070334025,Vendor,1200,0,1,"2025-05-06 10:10:22",0,
1224,413,ZDD8010,Vendor,1500,0,1,"2025-05-06 10:10:06",0,
1225,412,B1184000,Vendor,1000,0,1,"2025-05-06 10:07:12",0,
1226,411,N3634100,Vendor,1000,0,1,"2025-05-06 10:06:47",0,
1227,410,N2091200,Vendor,1000,0,1,"2025-05-06 10:05:19",0,
1228,409,B2122000,Vendor,1000,0,1,"2025-05-06 10:04:53",0,
1229,408,B1335100,Vendor,1000,0,1,"2025-05-06 10:04:06",0,
1230,407,T2168810,Vendor,1000,0,1,"2025-05-06 10:02:50",0,
1231,406,T1BY000058098,Vendor,0,0,1,"2025-05-06 03:09:31",0,
1232,405,B1216700,Vendor,0,0,1,"2025-05-06 03:08:59",0,
1233,404,T1BY000058098,Vendor,0,0,1,"2025-05-06 03:07:01",0,
1234,403,B1216700,Vendor,0,0,1,"2025-05-06 03:06:35",0,
1235,402,B1216700,Vendor,0,0,1,"2025-05-06 02:57:48",0,
1236,401,BPCN190604,Vendor,0,0,1,"2025-05-06 02:57:09",0,
1237,400,BPCN190604,Vendor,0,0,1,"2025-05-06 02:56:14",0,
1238,399,p3enci23,Vendor,700,0,1,"2025-05-05 19:48:31",0,
1239,398,P3ENCI23,Vendor,700,0,1,"2025-05-05 19:43:47",0,
1240,397,P3ENCI23,Vendor,700,0,1,"2025-05-05 19:41:57",0,
1241,396,N1965700,Travelling,1080,0,1,"2025-05-05 19:02:19",0,
1242,395,N4000200,Travelling,1080,0,1,"2025-05-05 19:00:03",0,
1243,394,N3361600,Vendor,800,0,1,"2025-05-05 18:28:20",0,
1244,393,N2661500,Vendor,500,500,5,"2025-05-05 17:52:30",1,0
1245,392,A2825400,Spares,750,0,1,"2025-05-05 13:02:43",0,
1246,391,N3852300,Spares,200,0,1,"2025-05-05 12:52:21",0,
1247,390,N2059300,Spares,480,0,1,"2025-05-05 12:16:36",0,
1248,389,T3774100,Travelling,1080,0,1,"2025-05-04 20:40:29",0,
1249,388,N4000200,Travelling,960,0,1,"2025-04-30 03:02:04",0,
1250,387,D4397800,Spares,1800,0,1,"2025-04-29 10:09:47",0,
1251,386,B1327100,Vendor,2400,0,1,"2025-04-28 17:46:31",0,
1252,385,B1312000,Vendor,2400,0,1,"2025-04-28 17:40:17",0,
1253,384,A1215010,Travelling,840,0,1,"2025-04-28 16:50:42",0,
1254,383,4CRHR31331,Travelling,0,0,1,"2025-04-28 16:47:25",0,
1255,382,N1965700,Travelling,1080,0,1,"2025-04-28 16:45:12",0,
1256,381,N2288900,Vendor,3200,0,1,"2025-04-28 15:29:02",0,
1257,380,ZAG9064,Spares,210,0,1,"2025-04-28 13:26:04",0,
1258,379,ZAG9071,Travelling,480,0,1,"2025-04-27 03:57:13",0,
1259,378,T2735300,Travelling,1050,0,1,"2025-04-27 09:02:47",0,
1260,377,CECN84535,Spares,250,0,1,"2025-04-26 23:43:07",0,
1261,376,N4000200,Travelling,1080,0,1,"2025-04-26 11:24:20",0,
1262,375,D4456600,Vendor,1100,0,1,"2025-04-25 17:55:25",0,
1263,374,ZGA9060,Travelling,900,0,1,"2025-04-25 12:55:32",0,
1264,373,ZKH9055,Travelling,0,0,1,"2025-04-25 12:06:52",0,
1265,372,ZID9082,Travelling,0,0,1,"2025-04-25 12:05:35",0,
1266,371,ZKH8016,Travelling,0,0,1,"2025-04-25 12:04:21",0,
1267,370,ZKH9208,Travelling,0,0,1,"2025-04-25 11:53:13",0,
1268,369,ZBO9090,Travelling,0,0,1,"2025-04-25 11:48:57",0,
1269,368,APCN11127,Travelling,0,0,1,"2025-04-25 11:44:55",0,
1270,367,MPZ12224,Travelling,0,0,1,"2025-04-25 11:43:18",0,
1271,366,DECN111715,Travelling,0,0,1,"2025-04-25 11:42:19",0,
1272,365,CECN11133,Travelling,0,0,1,"2025-04-25 11:40:07",0,
1273,364,CECN76816,Travelling,0,0,1,"2025-04-25 11:38:57",0,
1274,363,N2189410,Travelling,0,0,1,"2025-04-25 11:35:12",0,
1275,362,N2323500,Travelling,0,0,1,"2025-04-25 11:09:38",0,
1276,361,N1116100,Travelling,0,0,1,"2025-04-25 11:08:42",0,
1277,360,N3693600,Travelling,0,0,1,"2025-04-25 11:07:49",0,
1278,359,ZUJ9212,Travelling,0,0,1,"2025-04-25 11:06:19",0,
1279,358,ZUJ9207,Travelling,0,0,1,"2025-04-25 11:00:35",0,
1280,357,N2683000,Travelling,0,0,1,"2025-04-25 10:56:42",0,
1281,356,ZUJ9201,Travelling,0,0,1,"2025-04-25 10:55:22",0,
1282,355,ZUJ9091,Travelling,0,0,1,"2025-04-25 10:54:14",0,
1283,354,N1939000,Travelling,0,0,1,"2025-04-25 10:45:58",0,
1284,353,B1008300,Travelling,0,0,1,"2025-04-25 10:44:34",0,
1285,352,MPZ11429,Travelling,0,0,1,"2025-04-25 10:39:41",0,
1286,351,B1883800,Travelling,0,0,1,"2025-04-25 10:38:30",0,
1287,350,A2754000,Travelling,0,0,1,"2025-04-25 10:37:23",0,
1288,349,ZGA9064,Travelling,0,0,1,"2025-04-25 10:29:25",0,
1289,348,N4000200,Travelling,1080,0,1,"2025-04-23 17:42:53",0,
1290,347,A1257900,Spares,450,0,1,"2025-04-23 10:59:38",0,
1291,346,N2284000,Travelling,2250,0,1,"2025-04-23 09:16:01",0,
1292,345,N2284000,Travelling,2250,0,1,"2025-04-23 09:14:41",0,
1293,344,N2284000,Travelling,2250,0,1,"2025-04-23 09:13:05",0,
1294,343,N4390500,Travelling,1800,0,1,"2025-04-23 09:10:59",0,
1295,342,N1736500,Travelling,1200,0,1,"2025-04-23 09:08:58",0,
1296,341,N2284000,Travelling,2250,0,1,"2025-04-23 09:04:31",0,
1297,340,A2735900,Travelling,750,0,1,"2025-04-23 08:20:06",0,
1298,339,A2735900,Travelling,750,0,1,"2025-04-23 08:07:21",0,
1299,338,P3ENJG03,Spares,1000,0,1,"2025-04-22 12:14:19",0,
1300,337,"Gwalior Pintoo Park",Vendor,1500,0,1,"2025-04-22 12:39:43",0,
1301,336,"Bada Mor Bazar",Vendor,1500,0,1,"2025-04-22 12:38:24",0,
1302,335,P3ECNK08,Spares,1050,0,1,"2025-04-21 13:23:36",0,
1303,334,P3ECNK18,Spares,1050,0,1,"2025-04-21 13:22:10",0,
1304,333,rahul,Vendor,5000,0,1,"2025-04-19 16:55:16",0,
1305,332,SECPS723,Vendor,1000,1000,2,"2025-04-18 17:55:44",0,
1306,331,D1195120,Vendor,800,800,2,"2025-04-18 17:54:14",0,
1307,330,D1195120,Vendor,800,800,2,"2025-04-18 17:51:32",0,
1308,329,P3DCWR03,Vendor,2000,0,1,"2025-04-17 16:45:09",0,
1309,328,P3DCGT02,Vendor,2000,0,1,"2025-04-17 16:43:23",0,
1310,327,P3DCGT11,Vendor,2000,0,1,"2025-04-17 16:37:32",0,
1311,326,"Dodamarg Bazarpeth",Vendor,3500,0,1,"2025-04-17 15:06:41",0,
1312,325,4CRHR15961,Vendor,100,0,1,"2025-04-16 19:52:23",0,
1313,324,4CRHR35181,Vendor,100,0,1,"2025-04-16 19:51:58",0,
1314,323,4CRHR31941,Vendor,350,0,1,"2025-04-16 19:51:29",0,
1315,322,4CRHR09501,Vendor,100,100,2,"2025-04-16 19:50:58",0,
1316,321,4CRHR03261,Vendor,100,0,1,"2025-04-16 19:50:28",0,
1317,320,4CRHR18251,Vendor,100,100,2,"2025-04-16 19:49:53",0,
1318,319,4CRHR03341,Vendor,100,0,1,"2025-04-16 19:48:46",0,
1319,318,4CRHR30381,Vendor,100,0,1,"2025-04-16 19:48:06",0,
1320,317,4CRHR03291,Vendor,100,100,2,"2025-04-16 19:45:20",0,
1321,316,4CRHR03271,Vendor,100,100,2,"2025-04-16 19:44:31",0,
1322,315,4CRHR03221,Vendor,350,350,2,"2025-04-16 19:44:00",0,
1323,314,4CRHR29761,Vendor,100,0,1,"2025-04-16 19:43:30",0,
1324,313,4CRHR03441,Vendor,250,0,1,"2025-04-16 19:43:00",0,
1325,312,4CRHR03381,Vendor,100,0,1,"2025-04-16 19:42:26",0,
1326,311,4CRHR03421,Vendor,100,0,1,"2025-04-16 19:41:59",0,
1327,310,4CRHR35191,Vendor,100,0,1,"2025-04-16 19:41:19",0,
1328,309,4CRHR12421,Vendor,500,500,2,"2025-04-16 19:40:44",0,
1329,308,4CRHR01591,Vendor,340,0,1,"2025-04-16 19:39:57",0,
1330,307,4CRHR01561,Vendor,350,0,1,"2025-04-16 19:38:56",0,
1331,306,4CRHR01461,Vendor,350,0,1,"2025-04-16 19:32:48",0,
1332,305,4CRHR09581,Vendor,1500,0,1,"2025-04-16 19:24:47",0,
1333,304,4CRHR01781,Vendor,500,0,1,"2025-04-16 19:15:52",0,
1334,303,4CRHR01461,Vendor,100,0,1,"2025-04-16 19:14:51",0,
1335,302,GFBH000262113,Vendor,7000,0,1,"2025-04-15 20:37:20",0,
1336,301,S1NZ000846154,Vendor,5500,0,1,"2025-04-15 20:33:53",0,
1337,300,S1NZ000846157,Vendor,5500,0,1,"2025-04-15 20:29:31",0,
1338,299,GFBH005626008,Vendor,8000,0,1,"2025-04-15 20:25:54",0,
1339,298,GFBH005626016,Vendor,8000,0,1,"2025-04-15 20:22:11",0,
1340,297,GFBH005626011,Vendor,8000,0,1,"2025-04-15 20:18:07",0,
1341,296,GFBH005626012,Vendor,8000,0,1,"2025-04-15 20:15:17",0,
1342,295,GFBH005626009,Vendor,8000,0,1,"2025-04-15 20:10:49",0,
1343,294,GFBH005626010,Vendor,8000,0,1,"2025-04-15 20:07:09",0,
1344,293,ND076700,Vendor,300,0,1,"2025-04-15 14:50:10",0,
1345,292,T1BY000131004,Vendor,1500,0,1,"2025-04-14 19:41:24",0,
1346,291,T1BY000147007,Vendor,1500,0,1,"2025-04-14 19:40:37",0,
1347,290,T1BH012221455,Vendor,1200,0,1,"2025-04-14 19:39:16",0,
1348,289,T1BY012221450,Vendor,1200,0,1,"2025-04-14 19:38:40",0,
1349,288,T1BY012221473,Vendor,1200,0,1,"2025-04-14 19:37:58",0,
1350,287,T1BY012221457,Vendor,1200,0,1,"2025-04-14 19:37:25",0,
1351,286,T1BY012221477,Vendor,1200,0,1,"2025-04-14 19:36:52",0,
1352,285,T1BY012221469,Vendor,1200,0,1,"2025-04-14 19:36:11",0,
1353,284,T1BY012221459,Vendor,1200,0,1,"2025-04-14 19:35:24",0,
1354,283,T1BY012221460,Vendor,1200,0,1,"2025-04-14 19:34:44",0,
1355,282,T1BY012221471,Vendor,1200,0,1,"2025-04-14 19:34:14",0,
1356,281,T1NH012221435,Vendor,1200,0,1,"2025-04-14 19:33:39",0,
1357,280,T1NY012221436,Vendor,1200,0,1,"2025-04-14 19:33:04",0,
1358,279,T1BY000720029,Vendor,1000,0,1,"2025-04-14 19:28:45",0,
1359,278,T1NH000720018,Vendor,1200,0,1,"2025-04-14 19:28:01",0,
1360,277,T1BY012221475,Vendor,500,0,1,"2025-04-14 19:27:16",0,
1361,276,T1BY000673026,Vendor,1200,0,1,"2025-04-14 19:26:36",0,
1362,275,T1BY000673027,Vendor,1200,0,1,"2025-04-14 19:26:03",0,
1363,274,T1BY000673028,Vendor,1200,0,1,"2025-04-14 19:19:09",0,
1364,273,T1BY000023021,Vendor,800,0,1,"2025-04-14 19:17:04",0,
1365,272,abcd,"Spares,Vendor",2000,1800,4,"2025-04-10 17:18:28",0,
1366,271,SPCNS759,Vendor,1200,0,1,"2025-04-07 20:55:33",0,
1367,270,SPCPT391,Travelling,1080,0,1,"2025-04-07 20:27:03",0,
1368,269,SPCPT633,Travelling,750,0,1,"2025-04-07 20:25:33",0,
1369,268,T1BY000105022,Vendor,1500,0,1,"2025-04-07 20:20:26",0,
1370,267,ZSG8030,Vendor,1000,0,1,"2025-04-07 20:16:01",0,
1371,266,ZBD8042,Travelling,840,0,1,"2025-04-07 19:57:18",0,
1372,265,MC011111,Travelling,2100,0,1,"2025-04-07 16:30:53",0,
1373,264,N4000200,Travelling,1080,0,1,"2025-04-07 16:30:06",0,
1374,263,N3262000,Travelling,1560,0,1,"2025-04-07 16:29:01",0,
1375,262,T3735800,Travelling,900,0,1,"2025-04-07 16:27:06",0,
1376,261,N3876900,Travelling,1380,0,1,"2025-04-07 16:25:57",0,
1377,260,N1964100,Travelling,1200,0,1,"2025-04-07 16:23:34",0,
1378,259,SPCNF062,Vendor,700,0,1,"2025-04-02 15:20:47",0,
1379,258,N5055100,Vendor,500,0,1,"2025-04-01 15:37:35",0,
1380,257,P3ENMM09,Spares,850,750,4,"2025-03-31 13:59:32",0,
1381,256,T1BY000482015,Travelling,720,0,1,"2025-03-28 05:27:55",0,
1382,255,P3ENUQ30,Travelling,120,0,1,"2025-03-28 05:24:21",0,
1383,254,B1157810,Travelling,0,0,1,"2025-03-27 21:48:11",0,
1384,253,B1157810,Travelling,0,0,1,"2025-03-27 21:45:04",0,
1385,252,P1ENMY07,Vendor,550,0,1,"2025-03-27 17:12:59",0,
1386,251,ZSB9025,Travelling,1950,0,1,"2025-03-27 16:59:48",0,
1387,250,P3ENOD36,Travelling,2100,0,1,"2025-03-27 16:58:25",0,
1388,249,P3ENJJ01,Travelling,750,0,1,"2025-03-27 16:56:39",0,
1389,248,P3DCVX24,Vendor,1500,0,1,"2025-03-27 16:05:43",0,
1390,247,T3774100,Travelling,1080,0,1,"2025-03-27 07:39:02",0,
1391,240,Zga9060,Travelling,900,600,2,"2025-03-26 17:07:02",0,
1392,239,D3293400,Spares,450,0,1,"2025-03-26 11:31:07",0,
1393,238,S1B2000832044,Vendor,0,0,1,"2025-03-26 16:35:18",0,
1394,237,S1B2000832044,Vendor,0,0,1,"2025-03-26 16:34:52",0,
1395,236,S1B2000832044,Vendor,0,0,1,"2025-03-26 16:34:08",0,
1396,235,S1B2000832044,Vendor,0,0,1,"2025-03-26 16:33:06",0,
1397,234,S1B2000832044,Vendor,0,0,1,"2025-03-26 16:32:01",0,
1398,233,S1B2000832044,Vendor,0,0,1,"2025-03-26 16:31:29",0,
1399,232,S1B2000832044,Vendor,0,0,1,"2025-03-26 16:30:53",0,
1400,231,S1B2000832044,Vendor,0,0,1,"2025-03-26 16:30:25",0,
1401,230,S1B2000832044,Vendor,0,0,1,"2025-03-26 16:29:56",0,
1402,229,S1B2000832044,Vendor,0,0,1,"2025-03-26 16:29:29",0,
1403,228,S1B2000832044,Vendor,0,0,1,"2025-03-26 16:28:57",0,
1404,227,S1B2000832044,Vendor,0,0,1,"2025-03-26 16:28:08",0,
1405,226,S1B2000832044,Vendor,0,0,1,"2025-03-26 16:27:21",0,
1406,225,S1B2000832044,Vendor,0,0,1,"2025-03-26 16:26:16",0,
1407,224,S1B2000832044,Vendor,1200,0,1,"2025-03-26 16:25:12",0,
1408,223,S1B2000832044,Vendor,5000,0,1,"2025-03-26 16:23:51",0,
1409,222,"T3178920 ",Spares,3311,0,1,"2025-03-26 16:22:48",0,
1410,221,"T3178920 ",Spares,2100,0,1,"2025-03-26 16:14:30",0,
1411,220,P3ENMX98,Vendor,200,0,7,"2025-03-26 15:53:31",0,
1412,219,ZSB8013,Travelling,2100,0,1,"2025-03-26 15:48:12",0,
1413,218,P3ENOD41,Travelling,2100,0,1,"2025-03-26 15:43:06",0,
1414,217,D2492900,Travelling,432,0,1,"2025-03-26 09:22:25",0,
1415,216,P3ENMM09,Spares,2500,2000,4,"2025-03-26 12:30:02",0,
1416,215,S1B2000832043,Vendor,700,0,1,"2025-03-26 11:35:16",0,
1417,214,S1B2000913108,Vendor,700,0,1,"2025-03-26 11:34:17",0,
1418,213,S1B2000837015,Vendor,700,0,1,"2025-03-26 11:32:02",0,
1419,212,S1B2000913011,Vendor,700,0,1,"2025-03-26 11:27:21",0,
1420,211,P1ENSL03,Vendor,700,0,1,"2025-03-26 11:25:28",0,
1421,210,ZCB8054,Vendor,700,0,1,"2025-03-26 11:23:28",0,
1422,209,CECN88907,Vendor,700,0,1,"2025-03-26 11:21:42",0,
1423,208,P3ENTH01,Vendor,700,0,1,"2025-03-26 11:20:36",0,
1424,207,B1194210,Vendor,700,0,1,"2025-03-26 11:19:15",0,
1425,206,B1361600,Vendor,700,0,1,"2025-03-26 11:15:59",0,
1426,205,N2016500,Vendor,700,0,1,"2025-03-26 11:12:05",0,
1427,204,APCN11830,Vendor,700,0,1,"2025-03-26 11:09:17",0,
1428,203,DECN174202,Vendor,700,0,1,"2025-03-26 11:07:58",0,
1429,202,EN807922,Vendor,700,0,1,"2025-03-26 11:06:43",0,
1430,201,ZCB8058,Vendor,700,0,1,"2025-03-26 11:04:45",0,
1431,200,ZBD8043,Travelling,960,0,1,"2025-03-26 10:09:43",0,
1432,199,ZSG8030,Vendor,1000,0,1,"2025-03-26 10:06:17",0,
1433,198,CPRH72904,Vendor,1200,0,1,"2025-03-26 09:57:08",0,
1434,197,CPRH72904,Travelling,0,0,1,"2025-03-26 09:52:37",0,
1435,196,SPCPT633,Travelling,750,0,1,"2025-03-26 09:48:14",0,
1436,195,"P3ENOD46 ",Travelling,1200,0,1,"2025-03-25 23:26:42",0,
1437,194,A1215010,Travelling,600,0,1,"2025-03-25 15:50:01",0,
1438,193,N4000200,Travelling,1080,0,1,"2025-03-25 21:14:04",0,
1439,192,N4000200,Travelling,1080,0,1,"2025-03-25 21:13:25",0,
1440,191,N3262000,Travelling,1560,0,1,"2025-03-25 20:55:39",0,
1441,190,P3ENmm09,Spares,2500,0,7,"2025-03-25 19:28:11",0,
1442,189,ZCB8047,Vendor,700,0,1,"2025-03-25 17:58:31",0,
1443,188,T2191120,Vendor,600,600,2,"2025-03-25 16:24:41",0,
1444,187,N2670800,"Travelling,Spares",4050,0,1,"2025-03-25 10:47:49",0,
1445,186,ZUJ9220,Travelling,480,0,1,"2025-03-25 10:38:01",0,
1446,185,n4004700,Vendor,400,400,2,"2025-03-25 16:06:57",0,
1447,184,CECN39837,Travelling,0,0,1,"2025-03-25 13:51:47",0,
1448,183,p3ecjj03,Travelling,750,750,2,"2025-03-25 13:49:33",0,
1449,182,ZKJ8026,Travelling,1650,1650,2,"2025-03-25 13:25:31",0,
1450,181,ZKJ8026,Travelling,1650,0,7,"2025-03-25 13:11:09",0,
1451,180,P3ENOS13,Travelling,900,900,2,"2025-03-25 13:09:26",0,
1452,179,P3ECJJ03,Travelling,750,0,7,"2025-03-25 12:59:34",0,
1453,178,EN606221,Travelling,600,600,2,"2025-03-25 12:57:29",0,
1454,177,DECN226802,Travelling,900,900,2,"2025-03-25 12:56:23",0,
1455,176,P3ENOS40,Travelling,0,0,7,"2025-03-25 12:53:50",0,
1456,175,P3ENOS40,Travelling,2100,2100,2,"2025-03-25 12:51:15",0,
1457,174,P3ENDK03,Travelling,900,900,2,"2025-03-25 12:49:38",0,
1458,173,ZKJ8033,Travelling,1650,1650,2,"2025-03-25 12:47:35",0,
1459,172,P3ENOD44,Travelling,900,700,2,"2025-03-25 12:46:31",0,
1460,171,P3ENOD50,Travelling,1200,1200,2,"2025-03-25 11:33:44",0,
1461,170,P3ENOD49,"Travelling,Spares",3100,2700,2,"2025-03-25 11:32:34",0,
1462,169,ZKJ8018,Travelling,1650,800,2,"2025-03-25 11:31:00",0,
1463,168,ZKJ8022,Travelling,1500,1500,2,"2025-03-25 11:30:08",0,
1464,167,P3ENOS14,Travelling,1950,1950,2,"2025-03-25 11:27:58",0,
1465,166,P3ENOD28,Travelling,3300,3000,2,"2025-03-25 11:26:32",0,
1466,165,ZKJ8028,Travelling,1500,1000,2,"2025-03-25 11:25:26",0,
1467,164,ZSB9024,Travelling,1200,1200,2,"2025-03-25 11:24:19",0,
1468,163,ZKJ8038,Travelling,1500,1500,2,"2025-03-25 11:23:11",0,
1469,162,ZKJ9061,Travelling,1200,1000,2,"2025-03-25 11:22:14",0,
1470,161,P3ENOS13,Travelling,900,700,2,"2025-03-25 11:19:52",0,
1471,160,ZKJ8023,Travelling,900,900,2,"2025-03-25 11:17:59",0,
1472,159,P3ENOS40,Travelling,2100,0,2,"2025-03-25 11:13:18",0,
1473,158,B1225500,Travelling,600,600,2,"2025-03-25 11:12:06",0,
1474,157,ZKJ8019,Travelling,1650,1650,2,"2025-03-25 11:10:54",0,
1475,156,ZKJ9067,Travelling,1500,700,2,"2025-03-25 11:09:36",0,
1476,155,CECN21217,Travelling,1200,1200,2,"2025-03-25 11:08:12",0,
1477,154,DECN224301,Travelling,1800,1800,2,"2025-03-25 11:07:04",0,
1478,153,P3ENOD29,Travelling,3300,3000,2,"2025-03-25 11:04:30",0,
1479,152,P3ECMG01,Travelling,3300,3300,2,"2025-03-25 11:03:42",0,
1480,151,DECN288603,Travelling,600,600,2,"2025-03-25 11:02:51",0,
1481,150,DECN327503,Travelling,900,900,2,"2025-03-25 11:00:50",0,
1482,149,CECN21218,Travelling,1200,1000,2,"2025-03-25 10:59:27",0,
1483,148,DECN327404,Travelling,1200,1000,2,"2025-03-25 10:58:07",0,
1484,147,N1688400,Vendor,150,150,4,"2025-03-24 23:54:23",0,
1485,146,BECN226201,Travelling,1200,700,2,"2025-03-23 12:53:35",0,
1486,145,CECN40817,Travelling,1950,1950,2,"2025-03-23 12:52:11",0,
1487,144,CECN71911,Travelling,1050,1000,2,"2025-03-23 12:51:02",0,
1488,143,DECN258606,Travelling,1200,500,2,"2025-03-23 12:49:26",0,
1489,142,P3ENOS34,Travelling,2100,2100,2,"2025-03-23 12:47:53",0,
1490,141,ZKJ8022,Travelling,1500,1500,4,"2025-03-22 14:21:18",0,
1491,140,ZKJ8026,Travelling,1650,0,2,"2025-03-22 14:19:49",0,
1492,139,P3ENOS40,Travelling,2100,0,2,"2025-03-22 14:17:47",0,
1493,138,N2752300,Vendor,400,0,1,"2025-03-21 13:39:22",0,
1494,137,B1183100,Travelling,420,0,1,"2025-03-21 06:35:40",0,
1495,136,A4623400,Vendor,700,700,4,"2025-03-20 23:38:53",0,
1496,135,ZCB8050,Vendor,700,700,4,"2025-03-20 23:34:29",0,
1497,134,"NG395300 ",Spares,2450,0,1,"2025-03-19 14:36:37",0,
1498,133,ZCB8040,Vendor,700,700,4,"2025-03-19 17:52:35",0,
1499,132,P3ENMM09,"Travelling,Spares",1424,1400,7,"2025-03-19 17:45:58",0,
1500,127,ZCB8052,Vendor,700,700,7,"2025-03-18 13:21:11",0,
1501,126,ZCB8052,Spares,3900,3900,2,"2025-03-18 13:20:37",0,
1502,125,ZCB8048,Vendor,700,700,2,"2025-03-18 13:19:03",0,
1503,124,p3enci23,Vendor,7000,700,2,"2025-03-18 13:17:46",0,
1504,123,A1103810,Travelling,0,0,1,"2025-03-17 17:22:55",0,
1505,122,P1ENPU42,Vendor,500,0,1,"2025-03-17 16:31:25",0,
1506,121,MW006902,Travelling,840,0,1,"2025-03-10 08:27:00",0,
1507,120,MW006902,Travelling,840,0,1,"2025-03-10 08:24:49",0,
1508,119,MN005903,Vendor,1000,0,1,"2025-03-09 08:51:24",0,
1509,118,APCN72909,Vendor,1200,0,1,"2025-03-09 08:47:49",0,
1510,117,N2594300,Vendor,1000,0,1,"2025-03-09 08:46:19",0,
1511,116,ZBD8037,Travelling,840,0,1,"2025-03-09 08:42:26",0,
1512,115,SPCNS759,Vendor,1000,0,1,"2025-03-09 08:41:21",0,
1513,114,ZBD8042,Travelling,840,0,1,"2025-03-09 08:39:21",0,
1514,113,ZHW8071,Travelling,1020,0,1,"2025-03-09 08:37:13",0,
1515,112,MN005902,Vendor,1000,0,1,"2025-03-09 08:36:08",0,
1516,111,B1216700,Vendor,1000,0,1,"2025-03-09 08:33:43",0,
1517,110,SPCPT628,Travelling,840,0,1,"2025-03-09 08:32:38",0,
1518,109,T1BY000058098,Vendor,1000,0,1,"2025-03-09 08:26:19",0,
1519,108,ZBD8058,Travelling,1110,0,1,"2025-03-09 07:59:16",0,
1520,107,ZGW9028,Vendor,1000,0,1,"2025-03-09 07:58:10",0,
1521,106,ZHW8078,Travelling,720,0,1,"2025-03-09 07:57:04",0,
1522,105,BPCN490902,Vendor,1000,0,1,"2025-03-09 07:55:50",0,
1523,104,B1216700,Vendor,1000,0,1,"2025-03-09 07:53:20",0,
1524,103,SPCPT391,Travelling,1080,0,1,"2025-03-09 07:51:30",0,
1525,102,N8008300,Travelling,0,0,1,"2025-03-06 11:36:18",0,
1526,101,N8008300,Travelling,0,0,1,"2025-03-06 11:35:51",0,
1527,100,N2102300,Travelling,0,0,1,"2025-03-06 11:33:13",0,
1528,99,D5008300,Travelling,0,0,1,"2025-03-06 11:31:47",0,
1529,98,D5008300,Travelling,0,0,1,"2025-03-06 11:31:16",0,
1530,97,"D1934100 ",Travelling,0,0,1,"2025-03-06 11:29:31",0,
1531,96,B2021110,Travelling,0,0,1,"2025-03-06 11:27:52",0,
1532,95,N2752300,Travelling,600,0,1,"2025-03-06 02:33:23",0,
1533,94,MCRM5596,Travelling,0,0,1,"2025-03-04 17:10:38",0,
1534,93,SECNH317,Travelling,0,0,1,"2025-03-04 17:07:57",0,
1535,92,N2752300,Travelling,0,0,7,"2025-03-01 16:19:14",0,
1536,91,N2752300,Travelling,0,0,1,"2025-03-01 16:17:48",0,
1537,90,P3ENNZ95,"Travelling,Spares",860,0,7,"2025-02-28 17:06:43",0,
1538,89,P3ENHW06,Travelling,645,0,1,"2025-02-27 12:58:11",0,
1539,88,P3ENHW13,Travelling,630,0,1,"2025-02-27 12:57:26",0,
1540,87,ZDD8007,Travelling,750,0,1,"2025-02-25 18:18:21",0,
1541,86,DECN169107,Spares,500,0,1,"2025-02-22 16:35:43",0,
1542,85,SPCNS759,Vendor,0,0,1,"2025-02-22 03:51:47",0,
1543,84,SPCN76610,Travelling,480,0,1,"2025-02-17 15:40:39",0,
1544,83,SPCN76610,Travelling,480,0,1,"2025-02-17 15:40:39",0,
1545,82,N3262000,Travelling,2400,0,1,"2025-02-17 04:12:44",0,
1546,81,p3awwx04,"Travelling,Spares",5000,4700,5,"2025-02-14 15:11:45",1,0
1547,77,P1DCMU39,"Travelling,Spares",2940,0,7,"2025-02-14 09:51:25",0,
1548,75,P3ENDL07,Spares,21,0,7,"2025-02-12 18:30:41",0,
1549,74,P3ENDL07,Spares,21,0,1,"2025-02-12 18:29:06",0,
1550,73,P3ENDL07,Spares,4500,0,1,"2025-02-12 17:22:46",0,
1551,72,P3ENRU68,Spares,300,0,1,"2025-02-12 16:56:15",0,
1552,71,P3ENDL07,"Travelling,Spares",3500,0,1,"2025-02-12 16:23:49",0,
1553,70,P3ENDL07,Vendor,4000,0,1,"2025-02-12 16:20:06",0,
1554,69,P3ENDL07,Vendor,5000,0,1,"2025-02-12 16:17:22",0,
1555,68,TPCN103004,Spares,2100,0,1,"2025-02-12 15:17:54",0,
1556,67,TPCN103004,"Travelling,Spares,Vendor",7472,0,1,"2025-02-12 13:58:16",0,
1557,66,ZGW9028,Vendor,0,0,1,"2025-02-12 04:11:27",0,
1558,65,B1216700,Vendor,0,0,1,"2025-02-12 04:10:47",0,
1559,64,SPCNS759,Vendor,0,0,1,"2025-02-12 04:10:03",0,
1560,63,MCRM5391,Travelling,276,0,1,"2025-02-07 16:17:05",0,
1561,62,MPB00897,Travelling,450,0,1,"2025-02-06 17:06:18",0,
1562,61,ZLC9100,Travelling,420,0,1,"2025-02-06 16:00:13",0,
1563,60,N2752300,Travelling,300,0,1,"2025-02-04 17:03:49",0,
1564,59,MPB02260,Travelling,1020,0,1,"2025-02-04 17:02:03",0,
1565,58,P1EWMI03,Travelling,510,0,1,"2025-02-03 17:50:33",0,
1566,57,SPCNR026,Travelling,510,0,1,"2025-02-03 14:32:02",0,
1567,56,P3ENHW10,Travelling,1200,0,1,"2025-02-03 12:39:25",0,
1568,55,P3ENHW20,Travelling,1200,0,1,"2025-02-03 12:38:10",0,
1569,54,ZDD8007,Travelling,0,0,1,"2025-02-03 12:29:54",0,
1570,53,P3ENBT09,Travelling,600,0,1,"2025-01-31 20:29:20",0,
1571,52,P3ENBT09,Travelling,600,0,1,"2025-01-31 20:29:15",0,
1572,51,SPCN76610,Travelling,1140,0,1,"2025-01-31 20:27:11",0,
1573,50,SPCN76610,Travelling,1140,0,1,"2025-01-31 20:25:50",0,
1574,49,P3ENBT09,Travelling,600,0,1,"2025-01-31 20:24:09",0,
1575,48,P3ENBT10,Travelling,600,0,1,"2025-01-31 20:21:49",0,
1576,47,P3ENPT37,Travelling,600,0,1,"2025-01-31 20:17:34",0,
1577,46,MN000785,"Travelling,Spares",2160,2100,2,"2025-01-22 12:37:50",0,
1578,45,P3ENUQ31,Travelling,300,0,1,"2025-01-21 16:31:42",0,
1579,44,MPZ10170,Travelling,600,0,1,"2025-01-20 17:54:22",0,
1580,43,ZVN9083,Travelling,450,0,1,"2025-01-20 15:38:46",0,
1581,42,ZVN9083,Travelling,0,0,1,"2025-01-20 14:17:50",0,
1582,41,D2492900,Travelling,432,0,1,"2025-01-20 04:05:41",0,
1583,40,SPCPT569,Travelling,120,0,1,"2025-01-17 01:47:32",0,
1584,39,P3DCHB33,Travelling,1650,0,1,"2025-01-16 09:48:24",0,
1585,38,N2752300,Travelling,600,0,1,"2025-01-16 03:54:05",0,
1586,37,T5468700,Travelling,648,0,1,"2025-01-16 01:39:40",0,
1587,36,CECN21217,Travelling,1200,0,1,"2025-01-15 11:37:22",0,
1588,35,DECN327503,Travelling,600,0,1,"2025-01-15 11:35:26",0,
1589,34,DECN327503,Travelling,600,0,1,"2025-01-15 07:42:14",0,
1590,33,B1177910,Travelling,396,0,1,"2025-01-15 01:27:33",0,
1591,32,SPCPT622,Travelling,1848,0,1,"2025-01-14 15:38:00",0,
1592,31,B2047500,Travelling,1260,0,1,"2025-01-14 14:59:33",0,
1593,30,T2070320,Travelling,1470,0,1,"2025-01-14 14:57:30",0,
1594,29,A1215010,Travelling,600,0,1,"2025-01-14 14:56:52",0,
1595,28,A2117020,Travelling,1320,0,1,"2025-01-14 14:53:32",0,
1596,27,T2055720,Travelling,1530,0,1,"2025-01-14 14:51:21",0,
1597,26,D1130620,Travelling,960,0,1,"2025-01-14 14:50:12",0,
1598,25,D1210720,Travelling,1560,0,1,"2025-01-14 14:49:04",0,
1599,24,N3262000,Travelling,1200,0,1,"2025-01-13 15:48:26",0,
1600,23,MN011112,Travelling,1212,0,1,"2025-01-13 15:45:10",0,
1601,22,MC011111,Travelling,3240,0,1,"2025-01-13 15:43:17",0,
1602,21,MC011111,Travelling,3240,0,1,"2025-01-13 15:43:16",0,
1603,20,N2284000,Travelling,3000,0,1,"2025-01-13 15:40:20",0,
1604,19,T3198210,Travelling,1260,0,1,"2025-01-13 15:26:48",0,
1605,18,D4047500,Travelling,1200,0,1,"2025-01-13 15:23:59",0,
1606,17,ZBD8065,Travelling,1320,0,1,"2025-01-13 15:23:06",0,
1607,16,N2047500,Travelling,1260,0,1,"2025-01-13 15:22:04",0,
1608,15,ZBD8067,Travelling,720,0,1,"2025-01-13 15:20:29",0,
1609,14,D1070320,Travelling,1560,0,1,"2025-01-13 15:17:49",0,
1610,13,D1117120,Travelling,1680,0,1,"2025-01-13 15:15:30",0,
1611,12,D1131220,Travelling,1560,0,1,"2025-01-13 15:14:04",0,
1612,11,D1070820,Travelling,1140,0,1,"2025-01-13 15:13:06",0,
1613,10,D1127720,Travelling,1080,0,1,"2025-01-13 15:11:59",0,
1614,9,N2071020,Travelling,1440,0,1,"2025-01-13 15:08:55",0,
1615,8,EFBJ014960096,Spares,350,0,1,"2025-01-13 13:41:02",0,
1616,7,B1092510,"Travelling,Spares",1280,1200,4,"2025-01-13 12:10:15",0,
1617,6,ZKA9075,Travelling,960,0,1,"2025-01-11 10:57:37",0,
1618,5,ZVN9075,Travelling,720,0,1,"2025-01-09 17:24:29",0,
1619,4,ZVN9075,Travelling,720,0,1,"2025-01-09 17:23:36",0,
1620,3,n6359200,"Travelling,Spares",970,0,5,"2025-01-09 09:25:27",1,
